[Licensing::Module] Trying to connect to existing licensing client channel...
Built from '6000.3/staging' branch; Version is '6000.3.17f1 (cf0352b38e81) revision 13566802'; Using compiler version '194234433'; Build Type 'Release'
OS: 'Windows 11  (10.0.26200) Professional' Language: 'zh' Physical Memory: 49022 MB
[Licensing::IpcConnector] Successfully connected to: "LicenseClient-mk" at "2026-06-30T08:48:31.8648215Z"
BatchMode: 1, IsHumanControllingUs: 0, StartBugReporterOnCrash: 0, Is64bit: 1
System  architecture: x64
Process architecture: x64
Date: 2026-06-30T08:48:31Z

COMMAND LINE ARGUMENTS:
C:\Program Files\Unity\Hub\Editor\6000.3.17f1\Editor\Unity.exe
-batchmode
-quit
-nographics
-projectPath
F:\UnityPathTracing\UnityProject
-logFile
F:\UnityPathTracing\unity-namespace-cleanup.log
Successfully changed project path to: F:\UnityPathTracing\UnityProject
F:/UnityPathTracing/UnityProject
[UnityMemory] Configuration Parameters - Can be set up in boot.config
    "memorysetup-temp-allocator-size-nav-mesh-worker=65536"
    "memorysetup-temp-allocator-size-audio-worker=65536"
    "memorysetup-temp-allocator-size-gfx=262144"
    "memorysetup-allocator-temp-initial-block-size-main=262144"
    "memorysetup-allocator-temp-initial-block-size-worker=262144"
    "memorysetup-temp-allocator-size-background-worker=32768"
    "memorysetup-temp-allocator-size-job-worker=262144"
    "memorysetup-temp-allocator-size-preload-manager=33554432"
    "memorysetup-temp-allocator-size-gi-baking-worker=262144"
    "memorysetup-temp-allocator-size-gi-baking-worker=262144"
    "memorysetup-temp-allocator-size-gi-baking-worker=262144"
    "memorysetup-temp-allocator-size-gi-baking-worker=262144"
    "memorysetup-temp-allocator-size-gi-baking-worker=262144"
    "memorysetup-bucket-allocator-granularity=16"
    "memorysetup-bucket-allocator-bucket-count=8"
    "memorysetup-bucket-allocator-block-size=33554432"
    "memorysetup-bucket-allocator-block-count=8"
    "memorysetup-main-allocator-block-size=16777216"
    "memorysetup-thread-allocator-block-size=16777216"
    "memorysetup-gfx-main-allocator-block-size=16777216"
    "memorysetup-gfx-thread-allocator-block-size=16777216"
    "memorysetup-cache-allocator-block-size=4194304"
    "memorysetup-typetree-allocator-block-size=2097152"
    "memorysetup-profiler-bucket-allocator-granularity=16"
    "memorysetup-profiler-bucket-allocator-bucket-count=8"
    "memorysetup-profiler-bucket-allocator-block-size=33554432"
    "memorysetup-profiler-bucket-allocator-block-count=8"
    "memorysetup-profiler-allocator-block-size=16777216"
    "memorysetup-profiler-editor-allocator-block-size=1048576"
    "memorysetup-temp-allocator-size-main=16777216"
    "memorysetup-job-temp-allocator-block-size=2097152"
    "memorysetup-job-temp-allocator-block-size-background=1048576"
    "memorysetup-job-temp-allocator-reduction-small-platforms=262144"
    "memorysetup-temp-allocator-size-cloud-worker=32768"
Player connection [13676]  Target information:

Player connection [13676]  * "[IP] 192.168.32.18 [Port] 55504 [Flags] 2 [Guid] 644157237 [EditorId] 644157237 [Version] 1048832 [Id] WindowsEditor(7,HW-WorkPC) [Debug] 1 [PackageName] WindowsEditor [ProjectName] Editor" 

Player connection [13676]  * "[IP] 172.21.0.1 [Port] 55504 [Flags] 2 [Guid] 644157237 [EditorId] 644157237 [Version] 1048832 [Id] WindowsEditor(7,HW-WorkPC) [Debug] 1 [PackageName] WindowsEditor [ProjectName] Editor" 

Player connection [13676]  * "[IP] 192.168.195.20 [Port] 55504 [Flags] 2 [Guid] 644157237 [EditorId] 644157237 [Version] 1048832 [Id] WindowsEditor(7,HW-WorkPC) [Debug] 1 [PackageName] WindowsEditor [ProjectName] Editor" 

Player connection [13676]  * "[IP] 198.18.0.1 [Port] 55504 [Flags] 2 [Guid] 644157237 [EditorId] 644157237 [Version] 1048832 [Id] WindowsEditor(7,HW-WorkPC) [Debug] 1 [PackageName] WindowsEditor [ProjectName] Editor" 

Player connection [13676] Host joined multi-casting on [225.0.0.222:54997]...
Player connection [13676] Host joined alternative multi-casting on [225.0.0.222:34997]...
Input System module state changed to: Initialized.
[Physics::Module] Initialized fallback backend.
[Physics::Module] Id: 0xdecafbad
[Package Manager] Connected to IPC stream "Upm-4928" after 0.3 seconds.
[Licensing::Module] Licensing is not yet initialized.
[Licensing::Client] Error: HandshakeResponse reported an error:
	ResponseCode: 505
	ResponseStatus: Unsupported protocol version '1.18.1'.
[Licensing::Module] Error: Failed to handshake to channel: "LicenseClient-mk"
[Licensing::IpcConnector] LicenseClient-mk channel disconnected successfully.
[Licensing::IpcConnector] Channel LicenseClient-mk-6000.3.17 doesn't exist
[Licensing::Module] Successfully launched the LicensingClient (PId: 5964)
[Licensing::IpcConnector] Successfully connected to: "LicenseClient-mk-6000.3.17" at "2026-06-30T08:48:34.5754317Z"
[Licensing::Client] Code 10 while verifying Licensing Client signature (process Id: 5964, path: "C:/Program Files/Unity/Hub/Editor/6000.3.17f1/Editor/Data/Resources/Licensing/Client/Unity.Licensing.Client.exe")
[Licensing::Module] LicensingClient has failed validation; ignoring
[Licensing::Client] Handshaking with LicensingClient:
  Version:                 1.18.1+9fbee8e
  Session Id:              b050b312938f4bd5b595307510374276
  Correlation Id:          bad63e3a18c885e26377a7f356d21efe
  External correlation Id: 1713996121569576291
  Machine Id:              LT+ouVAoyKoRK/+IuA/PxHUhWXw=
[Licensing::Module] Successfully connected to LicensingClient on channel: "LicenseClient-mk-6000.3.17" (connect: 0.56s, validation: 0.13s, handshake: 0.01s)
[Licensing::IpcConnector] Successfully connected to: "LicenseClient-mk-6000.3.17-notifications" at "2026-06-30T08:48:34.7196293Z"
[Licensing::Module] Connected to LicensingClient (PId: 5964, launch time: 0.01, total connection time: 0.71s)
[Licensing::Module] Error: Access token is unavailable; failed to update
[Licensing::Client] Successfully resolved entitlement details
[Licensing::Module] License group:
  Id: ewogICJzdWJzR3JvdXAiIDogInVuaXR5IGVkaXRvciIsCiAgIm5hbWVzcGFjZSIgOiAidW5pdHlfZWRpdG9yIiwKICAidHlwZSIgOiAiRURJVE9SIiwKICAidGFnIiA6ICJVbml0eVBlcnNvbmFsXXXX
  Product: Unity Personal Version
  Type: Assigned
  Expiration: Unlimited
[Licensing::Client] Successfully updated license, isAsync: True, time: 0.01
[Licensing::Client] Successfully resolved entitlement details
[Licensing::Module] Licensing Background thread has ended after 2.92s
[Licensing::Module] Licensing is initialized (took 2.43s).
[Licensing::Client] Successfully resolved entitlement details
Library Redirect Path: Library/
[Physics::Module] Selected backend.
[Physics::Module] Name: PhysX
[Physics::Module] Id: 0xf2b8ea05
[Physics::Module] SDK Version: 4.1.2
[Physics::Module] Integration Version: 1.0.0
[Physics::Module] Threading Mode: Multi-Threaded
Artifact Garbage Collection - Removed 49 unused hashed content files
Refreshing native plugins compatible for Editor in 119.81 ms, found 25 plugins.
[NR/SLCore] slInit Streamline 2.11.1 (DLSS-RR + DLSS-G, manual hooking)...
[NR/SLCore] pathsToPlugins = F:\UnityPathTracing\UnityProject\Packages\top.kuanmi.native-rendering\Plugins\x86_64
[NR/SL] [16-48-35][streamline][warn][tid:13676][0s:001ms:692us]sl.cpp:232[operator ()] Seems like some DX/VK APIs were invoked before slInit()!!! This may result in incorrect behaviour.
[NR/SL] [16-48-35][streamline][info][tid:13676][0s:001ms:789us]pluginManager.cpp:429[setHostSDKVersion] Streamline v2.11.1.da40c631 - built on Fri Apr 10 11:04:27 2026 - host SDK v2.11.1
[NR/SL] [16-48-35][streamline][info][tid:13676][0s:001ms:815us]pluginManager.cpp:548[findPlugins] Looking for plugins in F:\UnityPathTracing\UnityProject\Packages\top.kuanmi.native-rendering\Plugins\x86_64 ...
[NR/SL] [16-48-35][streamline][info][tid:13676][0s:001ms:835us]pluginManager.cpp:1037[loadPlugins] SL_PRODUCTION not defined at build-time, OTA'd plugins will not be loaded!
[NR/SL] [16-48-35][streamline][info][tid:13676][0s:003ms:711us]commonInterface.cpp:154[getSystemCaps] Enumerating up to 8 adapters but only one of them can be used to create a device - no mGPU support in this SDK
[NR/SL] [16-48-35][streamline][info][tid:13676][0s:018ms:402us]commonInterface.cpp:276[getSystemCaps] >-----------------------------------------
[NR/SL] [16-48-35][streamline][info][tid:13676][0s:018ms:532us]commonInterface.cpp:279[getSystemCaps] NVIDIA driver 610.47
[NR/SL] [16-48-35][streamline][info][tid:13676][0s:021ms:141us]commonInterface.cpp:304[getSystemCaps] Adapter 0 architecture 0x190 implementation 0x7 revision 0xa1 - bit 0x1 - LUID 0.78302
[NR/SL] [16-48-35][streamline][info][tid:13676][0s:021ms:299us]commonInterface.cpp:310[getSystemCaps] -----------------------------------------<
[NR/SL] [16-48-35][streamline][info][tid:13676][0s:021ms:695us]commonEntry.cpp:1833[getOSVersionAndUpdateTimerResolution] Changed high resolution timer resolution to 5000 [100 ns units].
[NR/SL] [16-48-35][streamline][info][tid:13676][0s:021ms:747us]commonEntry.cpp:1908[updateEmbeddedJSON] Detected Windows OS version 10.0.26200
[NR/SL] [16-48-35][streamline][info][tid:13676][0s:021ms:806us]pluginManager.cpp:893[mapPlugins] Loaded plugin 'sl.common' - version 2.11.1.da40c631 DEVELOPMENT - id 4294967295 - priority 0 - adapter mask 0x7 - interposer 'no'
[NR/SL] [16-48-37][streamline][info][tid:13676][2s:502ms:062us]commonEntry.cpp:931[getNGXFeatureRequirements] NGX feature 1 requirements - minOS 10.0.0 minHW 0x160
[NR/SL] [16-48-37][streamline][info][tid:13676][2s:502ms:256us]pluginManager.cpp:893[mapPlugins] Loaded plugin 'sl.dlss' - version 2.11.1.da40c631 DEVELOPMENT - id 0 - priority 100 - adapter mask 0x1 - interposer 'no'
[NR/SL] [16-48-37][streamline][info][tid:13676][2s:504ms:906us]commonEntry.cpp:931[getNGXFeatureRequirements] NGX feature 13 requirements - minOS 10.0.0 minHW 0x160
[NR/SL] [16-48-37][streamline][info][tid:13676][2s:505ms:064us]pluginManager.cpp:893[mapPlugins] Loaded plugin 'sl.dlss_d' - version 2.11.1.da40c631 DEVELOPMENT - id 1001 - priority 100 - adapter mask 0x1 - interposer 'no'
[NR/SL] [16-48-37][streamline][info][tid:13676][2s:507ms:786us]commonEntry.cpp:931[getNGXFeatureRequirements] NGX feature 11 requirements - minOS 10.0.19041 minHW 0x190
[NR/SL] [16-48-37][streamline][info][tid:13676][2s:508ms:032us]pluginManager.cpp:893[mapPlugins] Loaded plugin 'sl.dlss_g' - version 2.11.1.da40c631 DEVELOPMENT - id 1000 - priority 1000 - adapter mask 0x1 - interposer 'no'
[NR/SL] [16-48-37][streamline][info][tid:13676][2s:510ms:262us]pluginManager.cpp:893[mapPlugins] Loaded plugin 'sl.imgui' - version 2.11.1.da40c631 DEVELOPMENT - id 9999 - priority 1 - adapter mask 0x7 - interposer 'no'
[NR/SL] [16-48-37][streamline][info][tid:13676][2s:511ms:658us]pluginManager.cpp:893[mapPlugins] Loaded plugin 'sl.pcl' - version 2.11.1.da40c631 DEVELOPMENT - id 4 - priority 2 - adapter mask 0x7 - interposer 'no'
[NR/SL] [16-48-37][streamline][info][tid:13676][2s:513ms:184us]pluginManager.cpp:893[mapPlugins] Loaded plugin 'sl.reflex' - version 2.11.1.da40c631 DEVELOPMENT - id 3 - priority 100 - adapter mask 0x7 - interposer 'no'
[NR/SLCore] slInit -> eOk
[NR/SLDlssg] Editor detected: present hooks skipped (DLSS-RR evaluate only).
[NR/SL] [16-48-37][streamline][info][tid:13676][2s:513ms:363us]pluginManager.cpp:1169[loadPlugins] Plugin execution order based on priority:
d3d12: ID3D12Device is not created yet.
[NR/SL] [16-48-37][streamline][info][tid:13676][2s:513ms:406us]pluginManager.cpp:1172[loadPlugins] P0 - sl.common
[NR/SLDlssg] SLDenoiser plugin loaded (DLSS-RR + DLSS-G via Streamline).
[NR/SL] [16-48-37][streamline][info][tid:13676][2s:513ms:447us]pluginManager.cpp:1172[loadPlugins] P1 - sl.imgui
Preloading 1 native plugins for Editor in 2516.50 ms.
[NR/SL] [16-48-37][streamline][info][tid:13676][2s:513ms:480us]pluginManager.cpp:1172[loadPlugins] P2 - sl.pcl
[NR/SL] [16-48-37][streamline][info][tid:13676][2s:513ms:511us]pluginManager.cpp:1172[loadPlugins] P100 - sl.dlss
[NR/SL] [16-48-37][streamline][info][tid:13676][2s:513ms:541us]pluginManager.cpp:1172[loadPlugins] P100 - sl.dlss_d
[NR/SL] [16-48-37][streamline][info][tid:13676][2s:513ms:576us]pluginManager.cpp:1172[loadPlugins] P100 - sl.reflex
[NR/SL] [16-48-37][streamline][info][tid:13676][2s:513ms:606us]pluginManager.cpp:1172[loadPlugins] P1000 - sl.dlss_g
Initialize engine version: 6000.3.17f1 (cf0352b38e81)
[Subsystems] Discovering subsystems at path C:/Program Files/Unity/Hub/Editor/6000.3.17f1/Editor/Data/Resources/UnitySubsystems
[Subsystems] Discovering subsystems at path F:/UnityPathTracing/UnityProject/Assets
Forcing GfxDevice: Null
GfxDevice: creating device client; kGfxThreadingModeNonThreaded
NullGfxDevice:
    Version:  NULL 1.0 [1.0]
    Renderer: Null Device
    Vendor:   Unity Technologies
Initialize mono
Mono path[0] = 'C:/Program Files/Unity/Hub/Editor/6000.3.17f1/Editor/Data/Managed'
Mono path[1] = 'C:/Program Files/Unity/Hub/Editor/6000.3.17f1/Editor/Data/MonoBleedingEdge/lib/mono/unityjit-win32'
Mono config path = 'C:/Program Files/Unity/Hub/Editor/6000.3.17f1/Editor/Data/MonoBleedingEdge/etc'
Using monoOptions --debugger-agent=transport=dt_socket,embedding=1,server=y,suspend=n,address=127.0.0.1:56928
Using cacheserver namespaces - metadata:defaultmetadata, artifacts:defaultartifacts
Using cacheserver namespaces - metadata:defaultmetadata, artifacts:defaultartifacts
ImportWorker Server TCP listen port: 0
AcceleratorClientConnectionCallback - disconnected - :0
Begin MonoManager ReloadAssembly
Registering precompiled unity dll's ...
Register platform support module: C:/Program Files/Unity/Hub/Editor/6000.3.17f1/Editor/Data/PlaybackEngines/WindowsStandaloneSupport/UnityEditor.WindowsStandalone.Extensions.dll
Registered in 0.002127 seconds.
- Loaded All Assemblies, in  0.494 seconds
Native extension for WindowsStandalone target not found
Package Manager log level set to [2]
ScheduleIndexationOnStartup MainProcess:False IndexOnStartup:True
Mono: successfully reloaded assembly
- Finished resetting the current domain, in  0.426 seconds
Domain Reload Profiling: 918ms
	BeginReloadAssembly (129ms)
		ExecutionOrderSort (0ms)
		DisableScriptedObjects (0ms)
		BackupInstance (0ms)
		ReleaseScriptingObjects (0ms)
		CreateAndSetChildDomain (2ms)
	RebuildCommonClasses (57ms)
	RebuildNativeTypeToScriptingClass (23ms)
	initialDomainReloadingComplete (75ms)
	LoadAllAssembliesAndSetupDomain (207ms)
		LoadAssemblies (125ms)
		RebuildTransferFunctionScriptingTraits (0ms)
		AnalyzeDomain (202ms)
			TypeCache.Refresh (200ms)
				TypeCache.ScanAssembly (186ms)
			BuildScriptInfoCaches (0ms)
			ResolveRequiredComponents (0ms)
	FinalizeReload (427ms)
		ReleaseScriptCaches (0ms)
		RebuildScriptCaches (0ms)
		SetupLoadedEditorAssemblies (389ms)
			LogAssemblyErrors (0ms)
			InitializePlatformSupportModulesInManaged (52ms)
			SetLoadedEditorAssemblies (6ms)
			BeforeProcessingInitializeOnLoad (96ms)
			ProcessInitializeOnLoadAttributes (144ms)
			ProcessInitializeOnLoadMethodAttributes (90ms)
			AfterProcessingInitializeOnLoad (0ms)
			EditorAssembliesLoaded (0ms)
		ExecutionOrderSort2 (0ms)
		AwakeInstancesAfterBackupRestoration (0ms)
[Licensing::Client] Successfully resolved entitlement details
Application.AssetDatabase Initial Refresh Start
[Package Manager] Restoring resolved packages state from cache
[Licensing::Client] Successfully resolved entitlement details
[Package Manager] Registered 69 packages:
  Packages from [https://packages.unity.com]:
    com.unity.ai.navigation@2.0.12 (location: F:\UnityPathTracing\UnityProject\Library\PackageCache\com.unity.ai.navigation@734c2c4c5591)
    com.unity.cinemachine@3.1.5 (location: F:\UnityPathTracing\UnityProject\Library\PackageCache\com.unity.cinemachine@5342685532bb)
    com.unity.cloud.draco@5.4.3 (location: F:\UnityPathTracing\UnityProject\Library\PackageCache\com.unity.cloud.draco@2ad9855b1dfa)
    com.unity.cloud.gltfast@6.15.1 (location: F:\UnityPathTracing\UnityProject\Library\PackageCache\com.unity.cloud.gltfast@9ca01fd33b62)
    com.unity.collab-proxy@2.12.4 (location: F:\UnityPathTracing\UnityProject\Library\PackageCache\com.unity.collab-proxy@0b1559bcd34e)
    com.unity.ide.rider@3.0.40 (location: F:\UnityPathTracing\UnityProject\Library\PackageCache\com.unity.ide.rider@e4950c6d131b)
    com.unity.ide.visualstudio@2.0.26 (location: F:\UnityPathTracing\UnityProject\Library\PackageCache\com.unity.ide.visualstudio@a99d56dec63f)
    com.unity.inputsystem@1.19.0 (location: F:\UnityPathTracing\UnityProject\Library\PackageCache\com.unity.inputsystem@21a28c3a6c83)
    com.unity.meshopt.decompress@0.2.0-exp.1 (location: F:\UnityPathTracing\UnityProject\Library\PackageCache\com.unity.meshopt.decompress@dc9fa7d730c6)
    com.unity.timeline@1.8.12 (location: F:\UnityPathTracing\UnityProject\Library\PackageCache\com.unity.timeline@8cd8509afae5)
    com.unity.visualscripting@1.9.11 (location: F:\UnityPathTracing\UnityProject\Library\PackageCache\com.unity.visualscripting@8bed5ad90189)
    com.unity.xr.interaction.toolkit@3.3.1 (location: F:\UnityPathTracing\UnityProject\Library\PackageCache\com.unity.xr.interaction.toolkit@5f736ad4ccd8)
    com.unity.xr.management@4.5.4 (location: F:\UnityPathTracing\UnityProject\Library\PackageCache\com.unity.xr.management@e3a3882b360a)
    com.unity.xr.openxr@1.16.1 (location: F:\UnityPathTracing\UnityProject\Library\PackageCache\com.unity.xr.openxr@ef0033a586bf)
    com.unity.xr.core-utils@2.6.0 (location: F:\UnityPathTracing\UnityProject\Library\PackageCache\com.unity.xr.core-utils@a8b900321199)
    com.unity.xr.legacyinputhelpers@2.1.13 (location: F:\UnityPathTracing\UnityProject\Library\PackageCache\com.unity.xr.legacyinputhelpers@9535ff2c27ac)
    com.unity.mathematics@1.3.3 (location: F:\UnityPathTracing\UnityProject\Library\PackageCache\com.unity.mathematics@19a9377c4ffa)
    com.unity.burst@1.8.29 (location: F:\UnityPathTracing\UnityProject\Library\PackageCache\com.unity.burst@6bb9aca3ef38)
    com.unity.collections@2.6.6 (location: F:\UnityPathTracing\UnityProject\Library\PackageCache\com.unity.collections@9796e5ee0d9e)
    com.unity.splines@2.8.4 (location: F:\UnityPathTracing\UnityProject\Library\PackageCache\com.unity.splines@9b00833aca09)
    com.unity.searcher@4.9.4 (location: F:\UnityPathTracing\UnityProject\Library\PackageCache\com.unity.searcher@d45a78918735)
    com.unity.nuget.mono-cecil@1.11.6 (location: F:\UnityPathTracing\UnityProject\Library\PackageCache\com.unity.nuget.mono-cecil@ecb9724e46ff)
    com.unity.test-framework.performance@3.5.0 (location: F:\UnityPathTracing\UnityProject\Library\PackageCache\com.unity.test-framework.performance@8b56083ec0f0)
    com.unity.settings-manager@2.1.1 (location: F:\UnityPathTracing\UnityProject\Library\PackageCache\com.unity.settings-manager@0b8638c5ce86)
  Built-in packages:
    com.unity.multiplayer.center@1.0.1 (location: F:\UnityPathTracing\UnityProject\Library\PackageCache\com.unity.multiplayer.center@f01f4ba8d00a)
    com.unity.render-pipelines.universal@17.3.0 (location: F:\UnityPathTracing\UnityProject\Library\PackageCache\com.unity.render-pipelines.universal@56fb5facb13e)
    com.unity.test-framework@1.6.0 (location: F:\UnityPathTracing\UnityProject\Library\PackageCache\com.unity.test-framework@ecf40a72f8c1)
    com.unity.ugui@2.0.0 (location: F:\UnityPathTracing\UnityProject\Library\PackageCache\com.unity.ugui@05e8dec4ac02)
    com.unity.modules.accessibility@1.0.0 (location: F:\UnityPathTracing\UnityProject\Library\PackageCache\com.unity.modules.accessibility)
    com.unity.modules.adaptiveperformance@1.0.0 (location: F:\UnityPathTracing\UnityProject\Library\PackageCache\com.unity.modules.adaptiveperformance)
    com.unity.modules.ai@1.0.0 (location: F:\UnityPathTracing\UnityProject\Library\PackageCache\com.unity.modules.ai)
    com.unity.modules.androidjni@1.0.0 (location: F:\UnityPathTracing\UnityProject\Library\PackageCache\com.unity.modules.androidjni)
    com.unity.modules.animation@1.0.0 (location: F:\UnityPathTracing\UnityProject\Library\PackageCache\com.unity.modules.animation)
    com.unity.modules.assetbundle@1.0.0 (location: F:\UnityPathTracing\UnityProject\Library\PackageCache\com.unity.modules.assetbundle)
    com.unity.modules.audio@1.0.0 (location: F:\UnityPathTracing\UnityProject\Library\PackageCache\com.unity.modules.audio)
    com.unity.modules.cloth@1.0.0 (location: F:\UnityPathTracing\UnityProject\Library\PackageCache\com.unity.modules.cloth)
    com.unity.modules.director@1.0.0 (location: F:\UnityPathTracing\UnityProject\Library\PackageCache\com.unity.modules.director)
    com.unity.modules.imageconversion@1.0.0 (location: F:\UnityPathTracing\UnityProject\Library\PackageCache\com.unity.modules.imageconversion)
    com.unity.modules.imgui@1.0.0 (location: F:\UnityPathTracing\UnityProject\Library\PackageCache\com.unity.modules.imgui)
    com.unity.modules.jsonserialize@1.0.0 (location: F:\UnityPathTracing\UnityProject\Library\PackageCache\com.unity.modules.jsonserialize)
    com.unity.modules.particlesystem@1.0.0 (location: F:\UnityPathTracing\UnityProject\Library\PackageCache\com.unity.modules.particlesystem)
    com.unity.modules.physics@1.0.0 (location: F:\UnityPathTracing\UnityProject\Library\PackageCache\com.unity.modules.physics)
    com.unity.modules.physics2d@1.0.0 (location: F:\UnityPathTracing\UnityProject\Library\PackageCache\com.unity.modules.physics2d)
    com.unity.modules.screencapture@1.0.0 (location: F:\UnityPathTracing\UnityProject\Library\PackageCache\com.unity.modules.screencapture)
    com.unity.modules.terrain@1.0.0 (location: F:\UnityPathTracing\UnityProject\Library\PackageCache\com.unity.modules.terrain)
    com.unity.modules.terrainphysics@1.0.0 (location: F:\UnityPathTracing\UnityProject\Library\PackageCache\com.unity.modules.terrainphysics)
    com.unity.modules.tilemap@1.0.0 (location: F:\UnityPathTracing\UnityProject\Library\PackageCache\com.unity.modules.tilemap)
    com.unity.modules.ui@1.0.0 (location: F:\UnityPathTracing\UnityProject\Library\PackageCache\com.unity.modules.ui)
    com.unity.modules.uielements@1.0.0 (location: F:\UnityPathTracing\UnityProject\Library\PackageCache\com.unity.modules.uielements)
    com.unity.modules.umbra@1.0.0 (location: F:\UnityPathTracing\UnityProject\Library\PackageCache\com.unity.modules.umbra)
    com.unity.modules.unityanalytics@1.0.0 (location: F:\UnityPathTracing\UnityProject\Library\PackageCache\com.unity.modules.unityanalytics)
    com.unity.modules.unitywebrequest@1.0.0 (location: F:\UnityPathTracing\UnityProject\Library\PackageCache\com.unity.modules.unitywebrequest)
    com.unity.modules.unitywebrequestassetbundle@1.0.0 (location: F:\UnityPathTracing\UnityProject\Library\PackageCache\com.unity.modules.unitywebrequestassetbundle)
    com.unity.modules.unitywebrequestaudio@1.0.0 (location: F:\UnityPathTracing\UnityProject\Library\PackageCache\com.unity.modules.unitywebrequestaudio)
    com.unity.modules.unitywebrequesttexture@1.0.0 (location: F:\UnityPathTracing\UnityProject\Library\PackageCache\com.unity.modules.unitywebrequesttexture)
    com.unity.modules.unitywebrequestwww@1.0.0 (location: F:\UnityPathTracing\UnityProject\Library\PackageCache\com.unity.modules.unitywebrequestwww)
    com.unity.modules.vectorgraphics@1.0.0 (location: F:\UnityPathTracing\UnityProject\Library\PackageCache\com.unity.modules.vectorgraphics)
    com.unity.modules.vehicles@1.0.0 (location: F:\UnityPathTracing\UnityProject\Library\PackageCache\com.unity.modules.vehicles)
    com.unity.modules.video@1.0.0 (location: F:\UnityPathTracing\UnityProject\Library\PackageCache\com.unity.modules.video)
    com.unity.modules.vr@1.0.0 (location: F:\UnityPathTracing\UnityProject\Library\PackageCache\com.unity.modules.vr)
    com.unity.modules.wind@1.0.0 (location: F:\UnityPathTracing\UnityProject\Library\PackageCache\com.unity.modules.wind)
    com.unity.modules.xr@1.0.0 (location: F:\UnityPathTracing\UnityProject\Library\PackageCache\com.unity.modules.xr)
    com.unity.modules.subsystems@1.0.0 (location: F:\UnityPathTracing\UnityProject\Library\PackageCache\com.unity.modules.subsystems)
    com.unity.modules.hierarchycore@1.0.0 (location: F:\UnityPathTracing\UnityProject\Library\PackageCache\com.unity.modules.hierarchycore)
    com.unity.ext.nunit@2.0.5 (location: F:\UnityPathTracing\UnityProject\Library\PackageCache\com.unity.ext.nunit@d8c07649098d)
    com.unity.render-pipelines.core@17.3.0 (location: F:\UnityPathTracing\UnityProject\Library\PackageCache\com.unity.render-pipelines.core@0cc60402ef53)
    com.unity.shadergraph@17.3.0 (location: F:\UnityPathTracing\UnityProject\Library\PackageCache\com.unity.shadergraph@4892040ec25e)
    com.unity.render-pipelines.universal-config@17.0.3 (location: F:\UnityPathTracing\UnityProject\Library\PackageCache\com.unity.render-pipelines.universal-config@8dc1aab4af1d)
  Embedded packages:
    top.kuanmi.native-rendering@file:F:\UnityPathTracing\UnityProject\Packages\top.kuanmi.native-rendering (location: F:\UnityPathTracing\UnityProject\Packages\top.kuanmi.native-rendering)
[Subsystems] Looking for new subsystems at path F:\UnityPathTracing\UnityProject\Library\PackageCache\com.unity.xr.openxr@ef0033a586bf
[Subsystems] Novel subsystem found at Library/PackageCache/com.unity.xr.openxr@ef0033a586bf/Runtime/UnitySubsystemsManifest.json
[Subsystems] Discovering subsystems at path C:/Program Files/Unity/Hub/Editor/6000.3.17f1/Editor/Data/Resources/UnitySubsystems
[Subsystems] Discovering subsystems at path F:/UnityPathTracing/UnityProject/Assets
[Subsystems] Discovering subsystems at path F:\UnityPathTracing\UnityProject\Library\PackageCache\com.unity.xr.openxr@ef0033a586bf
[Subsystems] No descriptors matched for  examples in Library/PackageCache/com.unity.xr.openxr@ef0033a586bf/Runtime/UnitySubsystemsManifest.json.
[Subsystems] 1 'inputs' descriptors matched in Library/PackageCache/com.unity.xr.openxr@ef0033a586bf/Runtime/UnitySubsystemsManifest.json
[Subsystems] 1 'displays' descriptors matched in Library/PackageCache/com.unity.xr.openxr@ef0033a586bf/Runtime/UnitySubsystemsManifest.json
[Subsystems] No descriptors matched for  meshings in Library/PackageCache/com.unity.xr.openxr@ef0033a586bf/Runtime/UnitySubsystemsManifest.json.
[Package Manager] Done registering packages in 0.03 seconds
Assembly reference Packages/com.unity.cinemachine/Editor/Samples/ExposeHDRPInternals/HDRP-Editor-ref.asmref has no target assembly definition
Assembly reference Packages/com.unity.cinemachine/Editor/Samples/ExposeHDRPInternals/HDRP-Editor-ref.asmref has no target assembly definition
[ScriptCompilation] Requested script compilation because: Assembly Definition File(s) changed
[ScriptCompilation] Requested script compilation because: Assetdatabase observed changes in script compilation related files
Starting: C:\Program Files\Unity\Hub\Editor\6000.3.17f1\Editor\Data\Tools\BuildPipeline\bee_backend.exe --ipc --defer-dag-verification --dagfile="Library/Bee/1900b0aEDbg.dag" --continue-on-failure --profile="Library/Bee/backend1.traceevents" ScriptAssemblies
WorkingDir: F:/UnityPathTracing/UnityProject
DisplayProgressbar: Compiling Scripts
ExitCode: 4 Duration: 0s888ms
[ 470/1363  0s] WriteResponseFile Library/Bee/artifacts/rsp/4747638433968585886.rsp
Rebuilding DAG because FileSignature timestamp changed: Library/Bee/1900b0aEDbg-inputdata.json
[1024/1363  0s] ILPP-Configuration Library/ilpp-configuration.nevergeneratedoutput
*** Tundra requires additional run (0.85 seconds), 3 items updated, 1023 evaluated
Starting: C:\Program Files\Unity\Hub\Editor\6000.3.17f1\Editor\Data\netcorerun\netcorerun.exe "C:\Program Files\Unity\Hub\Editor\6000.3.17f1\Editor\Data\Tools\BuildPipeline\ScriptCompilationBuildProgram.exe" "Library/Bee/1900b0aEDbg.dag.json" "Library/Bee/1900b0aEDbg-inputdata.json" "Library\Bee\buildprogram0.traceevents"
WorkingDir: F:/UnityPathTracing/UnityProject
ExitCode: 0 Duration: 1s206ms
Starting: C:\Program Files\Unity\Hub\Editor\6000.3.17f1\Editor\Data\Tools\BuildPipeline\bee_backend.exe --ipc --defer-dag-verification --dagfile="Library/Bee/1900b0aEDbg.dag" --continue-on-failure --dagfilejson="Library\Bee\1900b0aEDbg.dag.json" --profile="Library/Bee/backend2.traceevents" ScriptAssemblies
WorkingDir: F:/UnityPathTracing/UnityProject
ExitCode: 3 Duration: 1s403ms
Finished compiling graph: 1367 nodes, 27821 flattened edges (22639 ToBuild, 232 ToUse), maximum node priority 1652
[ 659/1363  0s] WriteText Library/Bee/artifacts/1900b0aEDbg.dag/PathTracing.Core.rsp
[ 726/1363  0s] WriteText Library/Bee/artifacts/1900b0aEDbg.dag/PathTracing.Core.Editor.rsp
[1024/1363  0s] ILPP-Configuration Library/ilpp-configuration.nevergeneratedoutput
[1331/1363  0s] Csc Library/Bee/artifacts/1900b0aEDbg.dag/PathTracing.Core.dll (+2 others)
##### CommandLine
"C:\Program Files\Unity\Hub\Editor\6000.3.17f1\Editor\Data\NetCoreRuntime\dotnet.exe" exec "C:/Program Files/Unity/Hub/Editor/6000.3.17f1/Editor/Data/DotNetSdkRoslyn/csc.dll" /nostdlib /noconfig /shared "@Library/Bee/artifacts/1900b0aEDbg.dag/PathTracing.Core.rsp" "@Library/Bee/artifacts/1900b0aEDbg.dag/PathTracing.Core.rsp2"
##### Contents of Library\Bee\artifacts\1900b0aEDbg.dag\PathTracing.Core.rsp
-target:library
-out:"Library/Bee/artifacts/1900b0aEDbg.dag/PathTracing.Core.dll"
-refout:"Library/Bee/artifacts/1900b0aEDbg.dag/PathTracing.Core.ref.dll"
-define:UNITY_6000_3_17
-define:UNITY_6000_3
-define:UNITY_6000
-define:UNITY_5_3_OR_NEWER
-define:UNITY_5_4_OR_NEWER
-define:UNITY_5_5_OR_NEWER
-define:UNITY_5_6_OR_NEWER
-define:UNITY_2017_1_OR_NEWER
-define:UNITY_2017_2_OR_NEWER
-define:UNITY_2017_3_OR_NEWER
-define:UNITY_2017_4_OR_NEWER
-define:UNITY_2018_1_OR_NEWER
-define:UNITY_2018_2_OR_NEWER
-define:UNITY_2018_3_OR_NEWER
-define:UNITY_2018_4_OR_NEWER
-define:UNITY_2019_1_OR_NEWER
-define:UNITY_2019_2_OR_NEWER
-define:UNITY_2019_3_OR_NEWER
-define:UNITY_2019_4_OR_NEWER
-define:UNITY_2020_1_OR_NEWER
-define:UNITY_2020_2_OR_NEWER
-define:UNITY_2020_3_OR_NEWER
-define:UNITY_2021_1_OR_NEWER
-define:UNITY_2021_2_OR_NEWER
-define:UNITY_2021_3_OR_NEWER
-define:UNITY_2022_1_OR_NEWER
-define:UNITY_2022_2_OR_NEWER
-define:UNITY_2022_3_OR_NEWER
-define:UNITY_2023_1_OR_NEWER
-define:UNITY_2023_2_OR_NEWER
-define:UNITY_2023_3_OR_NEWER
-define:UNITY_6000_0_OR_NEWER
-define:UNITY_6000_1_OR_NEWER
-define:UNITY_6000_2_OR_NEWER
-define:UNITY_6000_3_OR_NEWER
-define:PLATFORM_ARCH_64
-define:UNITY_64
-define:UNITY_INCLUDE_TESTS
-define:ENABLE_AR
-define:ENABLE_AUDIO
-define:ENABLE_AUDIO_SCRIPTABLE_PIPELINE
-define:ENABLE_CACHING
-define:ENABLE_CLOTH
-define:ENABLE_EVENT_QUEUE
-define:ENABLE_MICROPHONE
-define:ENABLE_MULTIPLE_DISPLAYS
-define:ENABLE_PHYSICS
-define:ENABLE_TEXTURE_STREAMING
-define:ENABLE_VIRTUALTEXTURING
-define:ENABLE_LZMA
-define:ENABLE_UNITYEVENTS
-define:ENABLE_VR
-define:ENABLE_WEBCAM
-define:ENABLE_UNITYWEBREQUEST
-define:ENABLE_WWW
-define:ENABLE_CLOUD_SERVICES
-define:ENABLE_CLOUD_SERVICES_ADS
-define:ENABLE_CLOUD_SERVICES_USE_WEBREQUEST
-define:ENABLE_UNITY_CONSENT
-define:ENABLE_UNITY_CLOUD_IDENTIFIERS
-define:ENABLE_CLOUD_SERVICES_CRASH_REPORTING
-define:ENABLE_CLOUD_SERVICES_NATIVE_CRASH_REPORTING
-define:ENABLE_CLOUD_SERVICES_PURCHASING
-define:ENABLE_CLOUD_SERVICES_ANALYTICS
-define:ENABLE_CLOUD_SERVICES_BUILD
-define:ENABLE_EDITOR_GAME_SERVICES
-define:ENABLE_UNITY_GAME_SERVICES_ANALYTICS_SUPPORT
-define:ENABLE_CLOUD_LICENSE
-define:ENABLE_EDITOR_HUB_LICENSE
-define:ENABLE_WEBSOCKET_CLIENT
-define:ENABLE_GENERATE_NATIVE_PLUGINS_FOR_ASSEMBLIES_API
-define:ENABLE_DIRECTOR_AUDIO
-define:ENABLE_DIRECTOR_TEXTURE
-define:ENABLE_MANAGED_JOBS
-define:ENABLE_MANAGED_TRANSFORM_JOBS
-define:ENABLE_MANAGED_ANIMATION_JOBS
-define:ENABLE_MANAGED_AUDIO_JOBS
-define:ENABLE_MANAGED_UNITYTLS
-define:INCLUDE_DYNAMIC_GI
-define:ENABLE_SCRIPTING_GC_WBARRIERS
-define:PLATFORM_SUPPORTS_MONO
-define:RENDER_SOFTWARE_CURSOR
-define:ENABLE_MARSHALLING_TESTS
-define:ENABLE_VIDEO
-define:ENABLE_NAVIGATION_OFFMESHLINK_TO_NAVMESHLINK
-define:ENABLE_ACCELERATOR_CLIENT_DEBUGGING
-define:ENABLE_ACCESSIBILITY_SCREEN_READER
-define:TEXTCORE_1_0_OR_NEWER
-define:EDITOR_ONLY_NAVMESH_BUILDER_DEPRECATED
-define:PLATFORM_STANDALONE_WIN
-define:PLATFORM_STANDALONE
-define:UNITY_STANDALONE_WIN
-define:UNITY_STANDALONE
-define:ENABLE_RUNTIME_GI
-define:ENABLE_MOVIES
-define:ENABLE_NETWORK
-define:ENABLE_NVIDIA
-define:ENABLE_AMD
-define:ENABLE_CRUNCH_TEXTURE_COMPRESSION
-define:ENABLE_CLOUD_SERVICES_ENGINE_DIAGNOSTICS
-define:ENABLE_OUT_OF_PROCESS_CRASH_HANDLER
-define:ENABLE_CLUSTER_SYNC
-define:ENABLE_CLUSTERINPUT
-define:PLATFORM_UPDATES_TIME_OUTSIDE_OF_PLAYER_LOOP
-define:GFXDEVICE_WAITFOREVENT_MESSAGEPUMP
-define:PLATFORM_USES_EXPLICIT_MEMORY_MANAGER_INITIALIZER
-define:PLATFORM_SUPPORTS_WAIT_FOR_PRESENTATION
-define:PLATFORM_SUPPORTS_SPLIT_GRAPHICS_JOBS
-define:ENABLE_MONO
-define:NET_STANDARD_2_0
-define:NET_STANDARD
-define:NET_STANDARD_2_1
-define:NETSTANDARD
-define:NETSTANDARD2_1
-define:ENABLE_PROFILER
-define:ENABLE_PROFILER_ASSISTANT_INTEGRATION
-define:DEBUG
-define:TRACE
-define:UNITY_ASSERTIONS
-define:UNITY_EDITOR
-define:UNITY_EDITOR_64
-define:UNITY_EDITOR_WIN
-define:ENABLE_UNITY_COLLECTIONS_CHECKS
-define:ENABLE_BURST_AOT
-define:UNITY_TEAM_LICENSE
-define:ENABLE_CUSTOM_RENDER_TEXTURE
-define:ENABLE_DIRECTOR
-define:ENABLE_LOCALIZATION
-define:ENABLE_SPRITES
-define:ENABLE_TERRAIN
-define:ENABLE_TILEMAP
-define:ENABLE_TIMELINE
-define:ENABLE_INPUT_SYSTEM
-define:TEXTCORE_FONT_ENGINE_1_5_OR_NEWER
-define:TEXTCORE_TEXT_ENGINE_1_5_OR_NEWER
-define:TEXTCORE_FONT_ENGINE_1_6_OR_NEWER
-define:USE_INPUT_SYSTEM_POSE_CONTROL
-define:USE_STICK_CONTROL_THUMBSTICKS
-define:CSHARP_7_OR_LATER
-define:CSHARP_7_3_OR_NEWER
-r:"C:/Program Files/Unity/Hub/Editor/6000.3.17f1/Editor/Data/Managed/UnityEditor.Graphs.dll"
-r:"C:/Program Files/Unity/Hub/Editor/6000.3.17f1/Editor/Data/Managed/UnityEngine/UnityEditor.AccessibilityModule.dll"
-r:"C:/Program Files/Unity/Hub/Editor/6000.3.17f1/Editor/Data/Managed/UnityEngine/UnityEditor.AdaptivePerformanceModule.dll"
-r:"C:/Program Files/Unity/Hub/Editor/6000.3.17f1/Editor/Data/Managed/UnityEngine/UnityEditor.AssetComplianceModule.dll"
-r:"C:/Program Files/Unity/Hub/Editor/6000.3.17f1/Editor/Data/Managed/UnityEngine/UnityEditor.BuildProfileModule.dll"
-r:"C:/Program Files/Unity/Hub/Editor/6000.3.17f1/Editor/Data/Managed/UnityEngine/UnityEditor.ClothModule.dll"
-r:"C:/Program Files/Unity/Hub/Editor/6000.3.17f1/Editor/Data/Managed/UnityEngine/UnityEditor.CoreBusinessMetricsModule.dll"
-r:"C:/Program Files/Unity/Hub/Editor/6000.3.17f1/Editor/Data/Managed/UnityEngine/UnityEditor.CoreModule.dll"
-r:"C:/Program Files/Unity/Hub/Editor/6000.3.17f1/Editor/Data/Managed/UnityEngine/UnityEditor.DeviceSimulatorModule.dll"
-r:"C:/Program Files/Unity/Hub/Editor/6000.3.17f1/Editor/Data/Managed/UnityEngine/UnityEditor.DiagnosticsModule.dll"
-r:"C:/Program Files/Unity/Hub/Editor/6000.3.17f1/Editor/Data/Managed/UnityEngine/UnityEditor.EditorToolbarModule.dll"
-r:"C:/Program Files/Unity/Hub/Editor/6000.3.17f1/Editor/Data/Managed/UnityEngine/UnityEditor.EmbreeModule.dll"
-r:"C:/Program Files/Unity/Hub/Editor/6000.3.17f1/Editor/Data/Managed/UnityEngine/UnityEditor.GIModule.dll"
-r:"C:/Program Files/Unity/Hub/Editor/6000.3.17f1/Editor/Data/Managed/UnityEngine/UnityEditor.GraphViewModule.dll"
-r:"C:/Program Files/Unity/Hub/Editor/6000.3.17f1/Editor/Data/Managed/UnityEngine/UnityEditor.GraphicsStateCollectionSerializerModule.dll"
-r:"C:/Program Files/Unity/Hub/Editor/6000.3.17f1/Editor/Data/Managed/UnityEngine/UnityEditor.GridAndSnapModule.dll"
-r:"C:/Program Files/Unity/Hub/Editor/6000.3.17f1/Editor/Data/Managed/UnityEngine/UnityEditor.GridModule.dll"
-r:"C:/Program Files/Unity/Hub/Editor/6000.3.17f1/Editor/Data/Managed/UnityEngine/UnityEditor.HierarchyModule.dll"
-r:"C:/Program Files/Unity/Hub/Editor/6000.3.17f1/Editor/Data/Managed/UnityEngine/UnityEditor.MediaModule.dll"
-r:"C:/Program Files/Unity/Hub/Editor/6000.3.17f1/Editor/Data/Managed/UnityEngine/UnityEditor.MultiplayerModule.dll"
-r:"C:/Program Files/Unity/Hub/Editor/6000.3.17f1/Editor/Data/Managed/UnityEngine/UnityEditor.Physics2DModule.dll"
-r:"C:/Program Files/Unity/Hub/Editor/6000.3.17f1/Editor/Data/Managed/UnityEngine/UnityEditor.PhysicsModule.dll"
-r:"C:/Program Files/Unity/Hub/Editor/6000.3.17f1/Editor/Data/Managed/UnityEngine/UnityEditor.PlayModeModule.dll"
-r:"C:/Program Files/Unity/Hub/Editor/6000.3.17f1/Editor/Data/Managed/UnityEngine/UnityEditor.PresetsUIModule.dll"
-r:"C:/Program Files/Unity/Hub/Editor/6000.3.17f1/Editor/Data/Managed/UnityEngine/UnityEditor.PropertiesModule.dll"
-r:"C:/Program Files/Unity/Hub/Editor/6000.3.17f1/Editor/Data/Managed/UnityEngine/UnityEditor.QuickInstallModule.dll"
-r:"C:/Program Files/Unity/Hub/Editor/6000.3.17f1/Editor/Data/Managed/UnityEngine/UnityEditor.QuickSearchModule.dll"
-r:"C:/Program Files/Unity/Hub/Editor/6000.3.17f1/Editor/Data/Managed/UnityEngine/UnityEditor.SafeModeModule.dll"
-r:"C:/Program Files/Unity/Hub/Editor/6000.3.17f1/Editor/Data/Managed/UnityEngine/UnityEditor.SceneTemplateModule.dll"
-r:"C:/Program Files/Unity/Hub/Editor/6000.3.17f1/Editor/Data/Managed/UnityEngine/UnityEditor.SceneViewModule.dll"
-r:"C:/Program Files/Unity/Hub/Editor/6000.3.17f1/Editor/Data/Managed/UnityEngine/UnityEditor.ShaderBuildSettingsModule.dll"
-r:"C:/Program Files/Unity/Hub/Editor/6000.3.17f1/Editor/Data/Managed/UnityEngine/UnityEditor.ShaderCompilationModule.dll"
-r:"C:/Program Files/Unity/Hub/Editor/6000.3.17f1/Editor/Data/Managed/UnityEngine/UnityEditor.ShaderFoundryModule.dll"
-r:"C:/Program Files/Unity/Hub/Editor/6000.3.17f1/Editor/Data/Managed/UnityEngine/UnityEditor.SketchUpModule.dll"
-r:"C:/Program Files/Unity/Hub/Editor/6000.3.17f1/Editor/Data/Managed/UnityEngine/UnityEditor.SpriteMaskModule.dll"
-r:"C:/Program Files/Unity/Hub/Editor/6000.3.17f1/Editor/Data/Managed/UnityEngine/UnityEditor.SpriteShapeModule.dll"
-r:"C:/Program Files/Unity/Hub/Editor/6000.3.17f1/Editor/Data/Managed/UnityEngine/UnityEditor.SubstanceModule.dll"
-r:"C:/Program Files/Unity/Hub/Editor/6000.3.17f1/Editor/Data/Managed/UnityEngine/UnityEditor.TerrainModule.dll"
-r:"C:/Program Files/Unity/Hub/Editor/6000.3.17f1/Editor/Data/Managed/UnityEngine/UnityEditor.TextCoreFontEngineModule.dll"
-r:"C:/Program Files/Unity/Hub/Editor/6000.3.17f1/Editor/Data/Managed/UnityEngine/UnityEditor.TextCoreTextEngineModule.dll"
-r:"C:/Program Files/Unity/Hub/Editor/6000.3.17f1/Editor/Data/Managed/UnityEngine/UnityEditor.TextRenderingModule.dll"
-r:"C:/Program Files/Unity/Hub/Editor/6000.3.17f1/Editor/Data/Managed/UnityEngine/UnityEditor.TilemapModule.dll"
-r:"C:/Program Files/Unity/Hub/Editor/6000.3.17f1/Editor/Data/Managed/UnityEngine/UnityEditor.TreeModule.dll"
-r:"C:/Program Files/Unity/Hub/Editor/6000.3.17f1/Editor/Data/Managed/UnityEngine/UnityEditor.UIAutomationModule.dll"
-r:"C:/Program Files/Unity/Hub/Editor/6000.3.17f1/Editor/Data/Managed/UnityEngine/UnityEditor.UIBuilderModule.dll"
-r:"C:/Program Files/Unity/Hub/Editor/6000.3.17f1/Editor/Data/Managed/UnityEngine/UnityEditor.UIElementsModule.dll"
-r:"C:/Program Files/Unity/Hub/Editor/6000.3.17f1/Editor/Data/Managed/UnityEngine/UnityEditor.UIElementsSamplesModule.dll"
-r:"C:/Program Files/Unity/Hub/Editor/6000.3.17f1/Editor/Data/Managed/UnityEngine/UnityEditor.UIToolkitAuthoringModule.dll"
-r:"C:/Program Files/Unity/Hub/Editor/6000.3.17f1/Editor/Data/Managed/UnityEngine/UnityEditor.UmbraModule.dll"
-r:"C:/Program Files/Unity/Hub/Editor/6000.3.17f1/Editor/Data/Managed/UnityEngine/UnityEditor.UnityConnectModule.dll"
-r:"C:/Program Files/Unity/Hub/Editor/6000.3.17f1/Editor/Data/Managed/UnityEngine/UnityEditor.VFXModule.dll"
-r:"C:/Program Files/Unity/Hub/Editor/6000.3.17f1/Editor/Data/Managed/UnityEngine/UnityEditor.VectorGraphicsModule.dll"
-r:"C:/Program Files/Unity/Hub/Editor/6000.3.17f1/Editor/Data/Managed/UnityEngine/UnityEditor.VideoModule.dll"
-r:"C:/Program Files/Unity/Hub/Editor/6000.3.17f1/Editor/Data/Managed/UnityEngine/UnityEditor.XRModule.dll"
-r:"C:/Program Files/Unity/Hub/Editor/6000.3.17f1/Editor/Data/Managed/UnityEngine/UnityEditor.dll"
-r:"C:/Program Files/Unity/Hub/Editor/6000.3.17f1/Editor/Data/Managed/UnityEngine/UnityEngine.AIModule.dll"
-r:"C:/Program Files/Unity/Hub/Editor/6000.3.17f1/Editor/Data/Managed/UnityEngine/UnityEngine.ARModule.dll"
-r:"C:/Program Files/Unity/Hub/Editor/6000.3.17f1/Editor/Data/Managed/UnityEngine/UnityEngine.AccessibilityModule.dll"
-r:"C:/Program Files/Unity/Hub/Editor/6000.3.17f1/Editor/Data/Managed/UnityEngine/UnityEngine.AdaptivePerformanceModule.dll"
-r:"C:/Program Files/Unity/Hub/Editor/6000.3.17f1/Editor/Data/Managed/UnityEngine/UnityEngine.AndroidJNIModule.dll"
-r:"C:/Program Files/Unity/Hub/Editor/6000.3.17f1/Editor/Data/Managed/UnityEngine/UnityEngine.AnimationModule.dll"
-r:"C:/Program Files/Unity/Hub/Editor/6000.3.17f1/Editor/Data/Managed/UnityEngine/UnityEngine.AssetBundleModule.dll"
-r:"C:/Program Files/Unity/Hub/Editor/6000.3.17f1/Editor/Data/Managed/UnityEngine/UnityEngine.AudioModule.dll"
-r:"C:/Program Files/Unity/Hub/Editor/6000.3.17f1/Editor/Data/Managed/UnityEngine/UnityEngine.ClothModule.dll"
-r:"C:/Program Files/Unity/Hub/Editor/6000.3.17f1/Editor/Data/Managed/UnityEngine/UnityEngine.ClusterInputModule.dll"
-r:"C:/Program Files/Unity/Hub/Editor/6000.3.17f1/Editor/Data/Managed/UnityEngine/UnityEngine.ClusterRendererModule.dll"
-r:"C:/Program Files/Unity/Hub/Editor/6000.3.17f1/Editor/Data/Managed/UnityEngine/UnityEngine.ContentLoadModule.dll"
-r:"C:/Program Files/Unity/Hub/Editor/6000.3.17f1/Editor/Data/Managed/UnityEngine/UnityEngine.CoreModule.dll"
-r:"C:/Program Files/Unity/Hub/Editor/6000.3.17f1/Editor/Data/Managed/UnityEngine/UnityEngine.CrashReportingModule.dll"
-r:"C:/Program Files/Unity/Hub/Editor/6000.3.17f1/Editor/Data/Managed/UnityEngine/UnityEngine.DSPGraphModule.dll"
-r:"C:/Program Files/Unity/Hub/Editor/6000.3.17f1/Editor/Data/Managed/UnityEngine/UnityEngine.DirectorModule.dll"
-r:"C:/Program Files/Unity/Hub/Editor/6000.3.17f1/Editor/Data/Managed/UnityEngine/UnityEngine.GIModule.dll"
-r:"C:/Program Files/Unity/Hub/Editor/6000.3.17f1/Editor/Data/Managed/UnityEngine/UnityEngine.GameCenterModule.dll"
-r:"C:/Program Files/Unity/Hub/Editor/6000.3.17f1/Editor/Data/Managed/UnityEngine/UnityEngine.GraphicsStateCollectionSerializerModule.dll"
-r:"C:/Program Files/Unity/Hub/Editor/6000.3.17f1/Editor/Data/Managed/UnityEngine/UnityEngine.GridModule.dll"
-r:"C:/Program Files/Unity/Hub/Editor/6000.3.17f1/Editor/Data/Managed/UnityEngine/UnityEngine.HierarchyCoreModule.dll"
-r:"C:/Program Files/Unity/Hub/Editor/6000.3.17f1/Editor/Data/Managed/UnityEngine/UnityEngine.HotReloadModule.dll"
-r:"C:/Program Files/Unity/Hub/Editor/6000.3.17f1/Editor/Data/Managed/UnityEngine/UnityEngine.IMGUIModule.dll"
-r:"C:/Program Files/Unity/Hub/Editor/6000.3.17f1/Editor/Data/Managed/UnityEngine/UnityEngine.IdentifiersModule.dll"
-r:"C:/Program Files/Unity/Hub/Editor/6000.3.17f1/Editor/Data/Managed/UnityEngine/UnityEngine.ImageConversionModule.dll"
-r:"C:/Program Files/Unity/Hub/Editor/6000.3.17f1/Editor/Data/Managed/UnityEngine/UnityEngine.InputForUIModule.dll"
-r:"C:/Program Files/Unity/Hub/Editor/6000.3.17f1/Editor/Data/Managed/UnityEngine/UnityEngine.InputLegacyModule.dll"
-r:"C:/Program Files/Unity/Hub/Editor/6000.3.17f1/Editor/Data/Managed/UnityEngine/UnityEngine.InputModule.dll"
-r:"C:/Program Files/Unity/Hub/Editor/6000.3.17f1/Editor/Data/Managed/UnityEngine/UnityEngine.InsightsModule.dll"
-r:"C:/Program Files/Unity/Hub/Editor/6000.3.17f1/Editor/Data/Managed/UnityEngine/UnityEngine.JSONSerializeModule.dll"
-r:"C:/Program Files/Unity/Hub/Editor/6000.3.17f1/Editor/Data/Managed/UnityEngine/UnityEngine.LocalizationModule.dll"
-r:"C:/Program Files/Unity/Hub/Editor/6000.3.17f1/Editor/Data/Managed/UnityEngine/UnityEngine.MarshallingModule.dll"
-r:"C:/Program Files/Unity/Hub/Editor/6000.3.17f1/Editor/Data/Managed/UnityEngine/UnityEngine.MultiplayerModule.dll"
-r:"C:/Program Files/Unity/Hub/Editor/6000.3.17f1/Editor/Data/Managed/UnityEngine/UnityEngine.ParticleSystemModule.dll"
-r:"C:/Program Files/Unity/Hub/Editor/6000.3.17f1/Editor/Data/Managed/UnityEngine/UnityEngine.PerformanceReportingModule.dll"
-r:"C:/Program Files/Unity/Hub/Editor/6000.3.17f1/Editor/Data/Managed/UnityEngine/UnityEngine.Physics2DModule.dll"
-r:"C:/Program Files/Unity/Hub/Editor/6000.3.17f1/Editor/Data/Managed/UnityEngine/UnityEngine.PhysicsBackendPhysXModule.dll"
-r:"C:/Program Files/Unity/Hub/Editor/6000.3.17f1/Editor/Data/Managed/UnityEngine/UnityEngine.PhysicsModule.dll"
-r:"C:/Program Files/Unity/Hub/Editor/6000.3.17f1/Editor/Data/Managed/UnityEngine/UnityEngine.PropertiesModule.dll"
-r:"C:/Program Files/Unity/Hub/Editor/6000.3.17f1/Editor/Data/Managed/UnityEngine/UnityEngine.RenderAs2DModule.dll"
-r:"C:/Program Files/Unity/Hub/Editor/6000.3.17f1/Editor/Data/Managed/UnityEngine/UnityEngine.RuntimeInitializeOnLoadManagerInitializerModule.dll"
-r:"C:/Program Files/Unity/Hub/Editor/6000.3.17f1/Editor/Data/Managed/UnityEngine/UnityEngine.ScreenCaptureModule.dll"
-r:"C:/Program Files/Unity/Hub/Editor/6000.3.17f1/Editor/Data/Managed/UnityEngine/UnityEngine.ShaderRuntimeModule.dll"
-r:"C:/Program Files/Unity/Hub/Editor/6000.3.17f1/Editor/Data/Managed/UnityEngine/UnityEngine.ShaderVariantAnalyticsModule.dll"
-r:"C:/Program Files/Unity/Hub/Editor/6000.3.17f1/Editor/Data/Managed/UnityEngine/UnityEngine.SharedInternalsModule.dll"
-r:"C:/Program Files/Unity/Hub/Editor/6000.3.17f1/Editor/Data/Managed/UnityEngine/UnityEngine.SpriteMaskModule.dll"
-r:"C:/Program Files/Unity/Hub/Editor/6000.3.17f1/Editor/Data/Managed/UnityEngine/UnityEngine.SpriteShapeModule.dll"
-r:"C:/Program Files/Unity/Hub/Editor/6000.3.17f1/Editor/Data/Managed/UnityEngine/UnityEngine.StreamingModule.dll"
-r:"C:/Program Files/Unity/Hub/Editor/6000.3.17f1/Editor/Data/Managed/UnityEngine/UnityEngine.SubstanceModule.dll"
-r:"C:/Program Files/Unity/Hub/Editor/6000.3.17f1/Editor/Data/Managed/UnityEngine/UnityEngine.SubsystemsModule.dll"
-r:"C:/Program Files/Unity/Hub/Editor/6000.3.17f1/Editor/Data/Managed/UnityEngine/UnityEngine.TLSModule.dll"
-r:"C:/Program Files/Unity/Hub/Editor/6000.3.17f1/Editor/Data/Managed/UnityEngine/UnityEngine.TerrainModule.dll"
-r:"C:/Program Files/Unity/Hub/Editor/6000.3.17f1/Editor/Data/Managed/UnityEngine/UnityEngine.TerrainPhysicsModule.dll"
-r:"C:/Program Files/Unity/Hub/Editor/6000.3.17f1/Editor/Data/Managed/UnityEngine/UnityEngine.TextCoreFontEngineModule.dll"
-r:"C:/Program Files/Unity/Hub/Editor/6000.3.17f1/Editor/Data/Managed/UnityEngine/UnityEngine.TextCoreTextEngineModule.dll"
-r:"C:/Program Files/Unity/Hub/Editor/6000.3.17f1/Editor/Data/Managed/UnityEngine/UnityEngine.TextRenderingModule.dll"
-r:"C:/Program Files/Unity/Hub/Editor/6000.3.17f1/Editor/Data/Managed/UnityEngine/UnityEngine.TilemapModule.dll"
-r:"C:/Program Files/Unity/Hub/Editor/6000.3.17f1/Editor/Data/Managed/UnityEngine/UnityEngine.UIElementsModule.dll"
-r:"C:/Program Files/Unity/Hub/Editor/6000.3.17f1/Editor/Data/Managed/UnityEngine/UnityEngine.UIModule.dll"
-r:"C:/Program Files/Unity/Hub/Editor/6000.3.17f1/Editor/Data/Managed/UnityEngine/UnityEngine.UmbraModule.dll"
-r:"C:/Program Files/Unity/Hub/Editor/6000.3.17f1/Editor/Data/Managed/UnityEngine/UnityEngine.UnityAnalyticsCommonModule.dll"
-r:"C:/Program Files/Unity/Hub/Editor/6000.3.17f1/Editor/Data/Managed/UnityEngine/UnityEngine.UnityAnalyticsModule.dll"
-r:"C:/Program Files/Unity/Hub/Editor/6000.3.17f1/Editor/Data/Managed/UnityEngine/UnityEngine.UnityConnectModule.dll"
-r:"C:/Program Files/Unity/Hub/Editor/6000.3.17f1/Editor/Data/Managed/UnityEngine/UnityEngine.UnityConsentModule.dll"
-r:"C:/Program Files/Unity/Hub/Editor/6000.3.17f1/Editor/Data/Managed/UnityEngine/UnityEngine.UnityCurlModule.dll"
-r:"C:/Program Files/Unity/Hub/Editor/6000.3.17f1/Editor/Data/Managed/UnityEngine/UnityEngine.UnityWebRequestAssetBundleModule.dll"
-r:"C:/Program Files/Unity/Hub/Editor/6000.3.17f1/Editor/Data/Managed/UnityEngine/UnityEngine.UnityWebRequestAudioModule.dll"
-r:"C:/Program Files/Unity/Hub/Editor/6000.3.17f1/Editor/Data/Managed/UnityEngine/UnityEngine.UnityWebRequestModule.dll"
-r:"C:/Program Files/Unity/Hub/Editor/6000.3.17f1/Editor/Data/Managed/UnityEngine/UnityEngine.UnityWebRequestTextureModule.dll"
-r:"C:/Program Files/Unity/Hub/Editor/6000.3.17f1/Editor/Data/Managed/UnityEngine/UnityEngine.UnityWebRequestWWWModule.dll"
-r:"C:/Program Files/Unity/Hub/Editor/6000.3.17f1/Editor/Data/Managed/UnityEngine/UnityEngine.VFXModule.dll"
-r:"C:/Program Files/Unity/Hub/Editor/6000.3.17f1/Editor/Data/Managed/UnityEngine/UnityEngine.VRModule.dll"
-r:"C:/Program Files/Unity/Hub/Editor/6000.3.17f1/Editor/Data/Managed/UnityEngine/UnityEngine.VectorGraphicsModule.dll"
-r:"C:/Program Files/Unity/Hub/Editor/6000.3.17f1/Editor/Data/Managed/UnityEngine/UnityEngine.VehiclesModule.dll"
-r:"C:/Program Files/Unity/Hub/Editor/6000.3.17f1/Editor/Data/Managed/UnityEngine/UnityEngine.VideoModule.dll"
-r:"C:/Program Files/Unity/Hub/Editor/6000.3.17f1/Editor/Data/Managed/UnityEngine/UnityEngine.VirtualTexturingModule.dll"
-r:"C:/Program Files/Unity/Hub/Editor/6000.3.17f1/Editor/Data/Managed/UnityEngine/UnityEngine.WindModule.dll"
-r:"C:/Program Files/Unity/Hub/Editor/6000.3.17f1/Editor/Data/Managed/UnityEngine/UnityEngine.XRModule.dll"
-r:"C:/Program Files/Unity/Hub/Editor/6000.3.17f1/Editor/Data/Managed/UnityEngine/UnityEngine.dll"
-r:"C:/Program Files/Unity/Hub/Editor/6000.3.17f1/Editor/Data/NetStandard/Extensions/2.0.0/System.Runtime.InteropServices.WindowsRuntime.dll"
-r:"C:/Program Files/Unity/Hub/Editor/6000.3.17f1/Editor/Data/NetStandard/compat/2.1.0/shims/netfx/System.ComponentModel.Composition.dll"
-r:"C:/Program Files/Unity/Hub/Editor/6000.3.17f1/Editor/Data/NetStandard/compat/2.1.0/shims/netfx/System.Core.dll"
-r:"C:/Program Files/Unity/Hub/Editor/6000.3.17f1/Editor/Data/NetStandard/compat/2.1.0/shims/netfx/System.Data.dll"
-r:"C:/Program Files/Unity/Hub/Editor/6000.3.17f1/Editor/Data/NetStandard/compat/2.1.0/shims/netfx/System.Drawing.dll"
-r:"C:/Program Files/Unity/Hub/Editor/6000.3.17f1/Editor/Data/NetStandard/compat/2.1.0/shims/netfx/System.IO.Compression.FileSystem.dll"
-r:"C:/Program Files/Unity/Hub/Editor/6000.3.17f1/Editor/Data/NetStandard/compat/2.1.0/shims/netfx/System.Net.dll"
-r:"C:/Program Files/Unity/Hub/Editor/6000.3.17f1/Editor/Data/NetStandard/compat/2.1.0/shims/netfx/System.Numerics.dll"
-r:"C:/Program Files/Unity/Hub/Editor/6000.3.17f1/Editor/Data/NetStandard/compat/2.1.0/shims/netfx/System.Runtime.Serialization.dll"
-r:"C:/Program Files/Unity/Hub/Editor/6000.3.17f1/Editor/Data/NetStandard/compat/2.1.0/shims/netfx/System.ServiceModel.Web.dll"
-r:"C:/Program Files/Unity/Hub/Editor/6000.3.17f1/Editor/Data/NetStandard/compat/2.1.0/shims/netfx/System.Transactions.dll"
-r:"C:/Program Files/Unity/Hub/Editor/6000.3.17f1/Editor/Data/NetStandard/compat/2.1.0/shims/netfx/System.Web.dll"
-r:"C:/Program Files/Unity/Hub/Editor/6000.3.17f1/Editor/Data/NetStandard/compat/2.1.0/shims/netfx/System.Windows.dll"
-r:"C:/Program Files/Unity/Hub/Editor/6000.3.17f1/Editor/Data/NetStandard/compat/2.1.0/shims/netfx/System.Xml.Linq.dll"
-r:"C:/Program Files/Unity/Hub/Editor/6000.3.17f1/Editor/Data/NetStandard/compat/2.1.0/shims/netfx/System.Xml.Serialization.dll"
-r:"C:/Program Files/Unity/Hub/Editor/6000.3.17f1/Editor/Data/NetStandard/compat/2.1.0/shims/netfx/System.Xml.dll"
-r:"C:/Program Files/Unity/Hub/Editor/6000.3.17f1/Editor/Data/NetStandard/compat/2.1.0/shims/netfx/System.dll"
-r:"C:/Program Files/Unity/Hub/Editor/6000.3.17f1/Editor/Data/NetStandard/compat/2.1.0/shims/netfx/mscorlib.dll"
-r:"C:/Program Files/Unity/Hub/Editor/6000.3.17f1/Editor/Data/NetStandard/compat/2.1.0/shims/netstandard/Microsoft.Win32.Primitives.dll"
-r:"C:/Program Files/Unity/Hub/Editor/6000.3.17f1/Editor/Data/NetStandard/compat/2.1.0/shims/netstandard/System.AppContext.dll"
-r:"C:/Program Files/Unity/Hub/Editor/6000.3.17f1/Editor/Data/NetStandard/compat/2.1.0/shims/netstandard/System.Buffers.dll"
-r:"C:/Program Files/Unity/Hub/Editor/6000.3.17f1/Editor/Data/NetStandard/compat/2.1.0/shims/netstandard/System.Collections.Concurrent.dll"
-r:"C:/Program Files/Unity/Hub/Editor/6000.3.17f1/Editor/Data/NetStandard/compat/2.1.0/shims/netstandard/System.Collections.NonGeneric.dll"
-r:"C:/Program Files/Unity/Hub/Editor/6000.3.17f1/Editor/Data/NetStandard/compat/2.1.0/shims/netstandard/System.Collections.Specialized.dll"
-r:"C:/Program Files/Unity/Hub/Editor/6000.3.17f1/Editor/Data/NetStandard/compat/2.1.0/shims/netstandard/System.Collections.dll"
-r:"C:/Program Files/Unity/Hub/Editor/6000.3.17f1/Editor/Data/NetStandard/compat/2.1.0/shims/netstandard/System.ComponentModel.EventBasedAsync.dll"
-r:"C:/Program Files/Unity/Hub/Editor/6000.3.17f1/Editor/Data/NetStandard/compat/2.1.0/shims/netstandard/System.ComponentModel.Primitives.dll"
-r:"C:/Program Files/Unity/Hub/Editor/6000.3.17f1/Editor/Data/NetStandard/compat/2.1.0/shims/netstandard/System.ComponentModel.TypeConverter.dll"
-r:"C:/Program Files/Unity/Hub/Editor/6000.3.17f1/Editor/Data/NetStandard/compat/2.1.0/shims/netstandard/System.ComponentModel.dll"
-r:"C:/Program Files/Unity/Hub/Editor/6000.3.17f1/Editor/Data/NetStandard/compat/2.1.0/shims/netstandard/System.Console.dll"
-r:"C:/Program Files/Unity/Hub/Editor/6000.3.17f1/Editor/Data/NetStandard/compat/2.1.0/shims/netstandard/System.Data.Common.dll"
-r:"C:/Program Files/Unity/Hub/Editor/6000.3.17f1/Editor/Data/NetStandard/compat/2.1.0/shims/netstandard/System.Diagnostics.Contracts.dll"
-r:"C:/Program Files/Unity/Hub/Editor/6000.3.17f1/Editor/Data/NetStandard/compat/2.1.0/shims/netstandard/System.Diagnostics.Debug.dll"
-r:"C:/Program Files/Unity/Hub/Editor/6000.3.17f1/Editor/Data/NetStandard/compat/2.1.0/shims/netstandard/System.Diagnostics.FileVersionInfo.dll"
-r:"C:/Program Files/Unity/Hub/Editor/6000.3.17f1/Editor/Data/NetStandard/compat/2.1.0/shims/netstandard/System.Diagnostics.Process.dll"
-r:"C:/Program Files/Unity/Hub/Editor/6000.3.17f1/Editor/Data/NetStandard/compat/2.1.0/shims/netstandard/System.Diagnostics.StackTrace.dll"
-r:"C:/Program Files/Unity/Hub/Editor/6000.3.17f1/Editor/Data/NetStandard/compat/2.1.0/shims/netstandard/System.Diagnostics.TextWriterTraceListener.dll"
-r:"C:/Program Files/Unity/Hub/Editor/6000.3.17f1/Editor/Data/NetStandard/compat/2.1.0/shims/netstandard/System.Diagnostics.Tools.dll"
-r:"C:/Program Files/Unity/Hub/Editor/6000.3.17f1/Editor/Data/NetStandard/compat/2.1.0/shims/netstandard/System.Diagnostics.TraceSource.dll"
-r:"C:/Program Files/Unity/Hub/Editor/6000.3.17f1/Editor/Data/NetStandard/compat/2.1.0/shims/netstandard/System.Diagnostics.Tracing.dll"
-r:"C:/Program Files/Unity/Hub/Editor/6000.3.17f1/Editor/Data/NetStandard/compat/2.1.0/shims/netstandard/System.Drawing.Primitives.dll"
-r:"C:/Program Files/Unity/Hub/Editor/6000.3.17f1/Editor/Data/NetStandard/compat/2.1.0/shims/netstandard/System.Dynamic.Runtime.dll"
-r:"C:/Program Files/Unity/Hub/Editor/6000.3.17f1/Editor/Data/NetStandard/compat/2.1.0/shims/netstandard/System.Globalization.Calendars.dll"
-r:"C:/Program Files/Unity/Hub/Editor/6000.3.17f1/Editor/Data/NetStandard/compat/2.1.0/shims/netstandard/System.Globalization.Extensions.dll"
-r:"C:/Program Files/Unity/Hub/Editor/6000.3.17f1/Editor/Data/NetStandard/compat/2.1.0/shims/netstandard/System.Globalization.dll"
-r:"C:/Program Files/Unity/Hub/Editor/6000.3.17f1/Editor/Data/NetStandard/compat/2.1.0/shims/netstandard/System.IO.Compression.ZipFile.dll"
-r:"C:/Program Files/Unity/Hub/Editor/6000.3.17f1/Editor/Data/NetStandard/compat/2.1.0/shims/netstandard/System.IO.Compression.dll"
-r:"C:/Program Files/Unity/Hub/Editor/6000.3.17f1/Editor/Data/NetStandard/compat/2.1.0/shims/netstandard/System.IO.FileSystem.DriveInfo.dll"
-r:"C:/Program Files/Unity/Hub/Editor/6000.3.17f1/Editor/Data/NetStandard/compat/2.1.0/shims/netstandard/System.IO.FileSystem.Primitives.dll"
-r:"C:/Program Files/Unity/Hub/Editor/6000.3.17f1/Editor/Data/NetStandard/compat/2.1.0/shims/netstandard/System.IO.FileSystem.Watcher.dll"
-r:"C:/Program Files/Unity/Hub/Editor/6000.3.17f1/Editor/Data/NetStandard/compat/2.1.0/shims/netstandard/System.IO.FileSystem.dll"
-r:"C:/Program Files/Unity/Hub/Editor/6000.3.17f1/Editor/Data/NetStandard/compat/2.1.0/shims/netstandard/System.IO.IsolatedStorage.dll"
-r:"C:/Program Files/Unity/Hub/Editor/6000.3.17f1/Editor/Data/NetStandard/compat/2.1.0/shims/netstandard/System.IO.MemoryMappedFiles.dll"
-r:"C:/Program Files/Unity/Hub/Editor/6000.3.17f1/Editor/Data/NetStandard/compat/2.1.0/shims/netstandard/System.IO.Pipes.dll"
-r:"C:/Program Files/Unity/Hub/Editor/6000.3.17f1/Editor/Data/NetStandard/compat/2.1.0/shims/netstandard/System.IO.UnmanagedMemoryStream.dll"
-r:"C:/Program Files/Unity/Hub/Editor/6000.3.17f1/Editor/Data/NetStandard/compat/2.1.0/shims/netstandard/System.IO.dll"
-r:"C:/Program Files/Unity/Hub/Editor/6000.3.17f1/Editor/Data/NetStandard/compat/2.1.0/shims/netstandard/System.Linq.Expressions.dll"
-r:"C:/Program Files/Unity/Hub/Editor/6000.3.17f1/Editor/Data/NetStandard/compat/2.1.0/shims/netstandard/System.Linq.Parallel.dll"
-r:"C:/Program Files/Unity/Hub/Editor/6000.3.17f1/Editor/Data/NetStandard/compat/2.1.0/shims/netstandard/System.Linq.Queryable.dll"
-r:"C:/Program Files/Unity/Hub/Editor/6000.3.17f1/Editor/Data/NetStandard/compat/2.1.0/shims/netstandard/System.Linq.dll"
-r:"C:/Program Files/Unity/Hub/Editor/6000.3.17f1/Editor/Data/NetStandard/compat/2.1.0/shims/netstandard/System.Memory.dll"
-r:"C:/Program Files/Unity/Hub/Editor/6000.3.17f1/Editor/Data/NetStandard/compat/2.1.0/shims/netstandard/System.Net.Http.dll"
-r:"C:/Program Files/Unity/Hub/Editor/6000.3.17f1/Editor/Data/NetStandard/compat/2.1.0/shims/netstandard/System.Net.NameResolution.dll"
-r:"C:/Program Files/Unity/Hub/Editor/6000.3.17f1/Editor/Data/NetStandard/compat/2.1.0/shims/netstandard/System.Net.NetworkInformation.dll"
-r:"C:/Program Files/Unity/Hub/Editor/6000.3.17f1/Editor/Data/NetStandard/compat/2.1.0/shims/netstandard/System.Net.Ping.dll"
-r:"C:/Program Files/Unity/Hub/Editor/6000.3.17f1/Editor/Data/NetStandard/compat/2.1.0/shims/netstandard/System.Net.Primitives.dll"
-r:"C:/Program Files/Unity/Hub/Editor/6000.3.17f1/Editor/Data/NetStandard/compat/2.1.0/shims/netstandard/System.Net.Requests.dll"
-r:"C:/Program Files/Unity/Hub/Editor/6000.3.17f1/Editor/Data/NetStandard/compat/2.1.0/shims/netstandard/System.Net.Security.dll"
-r:"C:/Program Files/Unity/Hub/Editor/6000.3.17f1/Editor/Data/NetStandard/compat/2.1.0/shims/netstandard/System.Net.Sockets.dll"
-r:"C:/Program Files/Unity/Hub/Editor/6000.3.17f1/Editor/Data/NetStandard/compat/2.1.0/shims/netstandard/System.Net.WebHeaderCollection.dll"
-r:"C:/Program Files/Unity/Hub/Editor/6000.3.17f1/Editor/Data/NetStandard/compat/2.1.0/shims/netstandard/System.Net.WebSockets.Client.dll"
-r:"C:/Program Files/Unity/Hub/Editor/6000.3.17f1/Editor/Data/NetStandard/compat/2.1.0/shims/netstandard/System.Net.WebSockets.dll"
-r:"C:/Program Files/Unity/Hub/Editor/6000.3.17f1/Editor/Data/NetStandard/compat/2.1.0/shims/netstandard/System.Numerics.Vectors.dll"
-r:"C:/Program Files/Unity/Hub/Editor/6000.3.17f1/Editor/Data/NetStandard/compat/2.1.0/shims/netstandard/System.ObjectModel.dll"
-r:"C:/Program Files/Unity/Hub/Editor/6000.3.17f1/Editor/Data/NetStandard/compat/2.1.0/shims/netstandard/System.Reflection.DispatchProxy.dll"
-r:"C:/Program Files/Unity/Hub/Editor/6000.3.17f1/Editor/Data/NetStandard/compat/2.1.0/shims/netstandard/System.Reflection.Emit.ILGeneration.dll"
-r:"C:/Program Files/Unity/Hub/Editor/6000.3.17f1/Editor/Data/NetStandard/compat/2.1.0/shims/netstandard/System.Reflection.Emit.Lightweight.dll"
-r:"C:/Program Files/Unity/Hub/Editor/6000.3.17f1/Editor/Data/NetStandard/compat/2.1.0/shims/netstandard/System.Reflection.Emit.dll"
-r:"C:/Program Files/Unity/Hub/Editor/6000.3.17f1/Editor/Data/NetStandard/compat/2.1.0/shims/netstandard/System.Reflection.Extensions.dll"
-r:"C:/Program Files/Unity/Hub/Editor/6000.3.17f1/Editor/Data/NetStandard/compat/2.1.0/shims/netstandard/System.Reflection.Primitives.dll"
-r:"C:/Program Files/Unity/Hub/Editor/6000.3.17f1/Editor/Data/NetStandard/compat/2.1.0/shims/netstandard/System.Reflection.dll"
-r:"C:/Program Files/Unity/Hub/Editor/6000.3.17f1/Editor/Data/NetStandard/compat/2.1.0/shims/netstandard/System.Resources.Reader.dll"
-r:"C:/Program Files/Unity/Hub/Editor/6000.3.17f1/Editor/Data/NetStandard/compat/2.1.0/shims/netstandard/System.Resources.ResourceManager.dll"
-r:"C:/Program Files/Unity/Hub/Editor/6000.3.17f1/Editor/Data/NetStandard/compat/2.1.0/shims/netstandard/System.Resources.Writer.dll"
-r:"C:/Program Files/Unity/Hub/Editor/6000.3.17f1/Editor/Data/NetStandard/compat/2.1.0/shims/netstandard/System.Runtime.CompilerServices.VisualC.dll"
-r:"C:/Program Files/Unity/Hub/Editor/6000.3.17f1/Editor/Data/NetStandard/compat/2.1.0/shims/netstandard/System.Runtime.Extensions.dll"
-r:"C:/Program Files/Unity/Hub/Editor/6000.3.17f1/Editor/Data/NetStandard/compat/2.1.0/shims/netstandard/System.Runtime.Handles.dll"
-r:"C:/Program Files/Unity/Hub/Editor/6000.3.17f1/Editor/Data/NetStandard/compat/2.1.0/shims/netstandard/System.Runtime.InteropServices.RuntimeInformation.dll"
-r:"C:/Program Files/Unity/Hub/Editor/6000.3.17f1/Editor/Data/NetStandard/compat/2.1.0/shims/netstandard/System.Runtime.InteropServices.dll"
-r:"C:/Program Files/Unity/Hub/Editor/6000.3.17f1/Editor/Data/NetStandard/compat/2.1.0/shims/netstandard/System.Runtime.Numerics.dll"
-r:"C:/Program Files/Unity/Hub/Editor/6000.3.17f1/Editor/Data/NetStandard/compat/2.1.0/shims/netstandard/System.Runtime.Serialization.Formatters.dll"
-r:"C:/Program Files/Unity/Hub/Editor/6000.3.17f1/Editor/Data/NetStandard/compat/2.1.0/shims/netstandard/System.Runtime.Serialization.Json.dll"
-r:"C:/Program Files/Unity/Hub/Editor/6000.3.17f1/Editor/Data/NetStandard/compat/2.1.0/shims/netstandard/System.Runtime.Serialization.Primitives.dll"
-r:"C:/Program Files/Unity/Hub/Editor/6000.3.17f1/Editor/Data/NetStandard/compat/2.1.0/shims/netstandard/System.Runtime.Serialization.Xml.dll"
-r:"C:/Program Files/Unity/Hub/Editor/6000.3.17f1/Editor/Data/NetStandard/compat/2.1.0/shims/netstandard/System.Runtime.dll"
-r:"C:/Program Files/Unity/Hub/Editor/6000.3.17f1/Editor/Data/NetStandard/compat/2.1.0/shims/netstandard/System.Security.Claims.dll"
-r:"C:/Program Files/Unity/Hub/Editor/6000.3.17f1/Editor/Data/NetStandard/compat/2.1.0/shims/netstandard/System.Security.Cryptography.Algorithms.dll"
-r:"C:/Program Files/Unity/Hub/Editor/6000.3.17f1/Editor/Data/NetStandard/compat/2.1.0/shims/netstandard/System.Security.Cryptography.Csp.dll"
-r:"C:/Program Files/Unity/Hub/Editor/6000.3.17f1/Editor/Data/NetStandard/compat/2.1.0/shims/netstandard/System.Security.Cryptography.Encoding.dll"
-r:"C:/Program Files/Unity/Hub/Editor/6000.3.17f1/Editor/Data/NetStandard/compat/2.1.0/shims/netstandard/System.Security.Cryptography.Primitives.dll"
-r:"C:/Program Files/Unity/Hub/Editor/6000.3.17f1/Editor/Data/NetStandard/compat/2.1.0/shims/netstandard/System.Security.Cryptography.X509Certificates.dll"
-r:"C:/Program Files/Unity/Hub/Editor/6000.3.17f1/Editor/Data/NetStandard/compat/2.1.0/shims/netstandard/System.Security.Principal.dll"
-r:"C:/Program Files/Unity/Hub/Editor/6000.3.17f1/Editor/Data/NetStandard/compat/2.1.0/shims/netstandard/System.Security.SecureString.dll"
-r:"C:/Program Files/Unity/Hub/Editor/6000.3.17f1/Editor/Data/NetStandard/compat/2.1.0/shims/netstandard/System.Text.Encoding.Extensions.dll"
-r:"C:/Program Files/Unity/Hub/Editor/6000.3.17f1/Editor/Data/NetStandard/compat/2.1.0/shims/netstandard/System.Text.Encoding.dll"
-r:"C:/Program Files/Unity/Hub/Editor/6000.3.17f1/Editor/Data/NetStandard/compat/2.1.0/shims/netstandard/System.Text.RegularExpressions.dll"
-r:"C:/Program Files/Unity/Hub/Editor/6000.3.17f1/Editor/Data/NetStandard/compat/2.1.0/shims/netstandard/System.Threading.Overlapped.dll"
-r:"C:/Program Files/Unity/Hub/Editor/6000.3.17f1/Editor/Data/NetStandard/compat/2.1.0/shims/netstandard/System.Threading.Tasks.Extensions.dll"
-r:"C:/Program Files/Unity/Hub/Editor/6000.3.17f1/Editor/Data/NetStandard/compat/2.1.0/shims/netstandard/System.Threading.Tasks.Parallel.dll"
-r:"C:/Program Files/Unity/Hub/Editor/6000.3.17f1/Editor/Data/NetStandard/compat/2.1.0/shims/netstandard/System.Threading.Tasks.dll"
-r:"C:/Program Files/Unity/Hub/Editor/6000.3.17f1/Editor/Data/NetStandard/compat/2.1.0/shims/netstandard/System.Threading.Thread.dll"
-r:"C:/Program Files/Unity/Hub/Editor/6000.3.17f1/Editor/Data/NetStandard/compat/2.1.0/shims/netstandard/System.Threading.ThreadPool.dll"
-r:"C:/Program Files/Unity/Hub/Editor/6000.3.17f1/Editor/Data/NetStandard/compat/2.1.0/shims/netstandard/System.Threading.Timer.dll"
-r:"C:/Program Files/Unity/Hub/Editor/6000.3.17f1/Editor/Data/NetStandard/compat/2.1.0/shims/netstandard/System.Threading.dll"
-r:"C:/Program Files/Unity/Hub/Editor/6000.3.17f1/Editor/Data/NetStandard/compat/2.1.0/shims/netstandard/System.ValueTuple.dll"
-r:"C:/Program Files/Unity/Hub/Editor/6000.3.17f1/Editor/Data/NetStandard/compat/2.1.0/shims/netstandard/System.Xml.ReaderWriter.dll"
-r:"C:/Program Files/Unity/Hub/Editor/6000.3.17f1/Editor/Data/NetStandard/compat/2.1.0/shims/netstandard/System.Xml.XDocument.dll"
-r:"C:/Program Files/Unity/Hub/Editor/6000.3.17f1/Editor/Data/NetStandard/compat/2.1.0/shims/netstandard/System.Xml.XPath.XDocument.dll"
-r:"C:/Program Files/Unity/Hub/Editor/6000.3.17f1/Editor/Data/NetStandard/compat/2.1.0/shims/netstandard/System.Xml.XPath.dll"
-r:"C:/Program Files/Unity/Hub/Editor/6000.3.17f1/Editor/Data/NetStandard/compat/2.1.0/shims/netstandard/System.Xml.XmlDocument.dll"
-r:"C:/Program Files/Unity/Hub/Editor/6000.3.17f1/Editor/Data/NetStandard/compat/2.1.0/shims/netstandard/System.Xml.XmlSerializer.dll"
-r:"C:/Program Files/Unity/Hub/Editor/6000.3.17f1/Editor/Data/NetStandard/ref/2.1.0/netstandard.dll"
-r:"C:/Program Files/Unity/Hub/Editor/6000.3.17f1/Editor/Data/PlaybackEngines/WindowsStandaloneSupport/UnityEditor.WindowsStandalone.Extensions.dll"
-r:"Library/PackageCache/com.unity.collab-proxy@0b1559bcd34e/Lib/Editor/TextMateSharp/Onigwrap/OnigwrapPlastic.dll"
-r:"Library/PackageCache/com.unity.collab-proxy@0b1559bcd34e/Lib/Editor/TextMateSharp/TextMateSharpPlastic.Grammars.dll"
-r:"Library/PackageCache/com.unity.collab-proxy@0b1559bcd34e/Lib/Editor/TextMateSharp/TextMateSharpPlastic.dll"
-r:"Library/PackageCache/com.unity.collab-proxy@0b1559bcd34e/Lib/Editor/Unity.Plastic.Antlr3.Runtime.dll"
-r:"Library/PackageCache/com.unity.collab-proxy@0b1559bcd34e/Lib/Editor/Unity.Plastic.Newtonsoft.Json.dll"
-r:"Library/PackageCache/com.unity.collab-proxy@0b1559bcd34e/Lib/Editor/log4netPlastic.dll"
-r:"Library/PackageCache/com.unity.collab-proxy@0b1559bcd34e/Lib/Editor/unityplastic.dll"
-r:"Library/PackageCache/com.unity.collections@9796e5ee0d9e/Unity.Collections.LowLevel.ILSupport/Unity.Collections.LowLevel.ILSupport.dll"
-r:"Library/PackageCache/com.unity.collections@9796e5ee0d9e/Unity.Collections.Tests/System.IO.Hashing/System.IO.Hashing.dll"
-r:"Library/PackageCache/com.unity.collections@9796e5ee0d9e/Unity.Collections.Tests/System.Runtime.CompilerServices.Unsafe/System.Runtime.CompilerServices.Unsafe.dll"
-r:"Library/PackageCache/com.unity.ext.nunit@d8c07649098d/net40/unity-custom/nunit.framework.dll"
-r:"Library/PackageCache/com.unity.nuget.mono-cecil@ecb9724e46ff/Mono.Cecil.dll"
-r:"Library/PackageCache/com.unity.visualscripting@8bed5ad90189/Editor/VisualScripting.Core/Dependencies/DotNetZip/Unity.VisualScripting.IonicZip.dll"
-r:"Library/PackageCache/com.unity.visualscripting@8bed5ad90189/Editor/VisualScripting.Core/Dependencies/YamlDotNet/Unity.VisualScripting.YamlDotNet.dll"
-r:"Library/PackageCache/com.unity.visualscripting@8bed5ad90189/Editor/VisualScripting.Core/EditorAssetResources/Unity.VisualScripting.TextureAssets.dll"
-r:"Library/PackageCache/com.unity.visualscripting@8bed5ad90189/Runtime/VisualScripting.Flow/Dependencies/NCalc/Unity.VisualScripting.Antlr3.Runtime.dll"
-r:"Library/Bee/artifacts/1900b0aEDbg.dag/NativeRayTracing.Runtime.ref.dll"
-r:"Library/Bee/artifacts/1900b0aEDbg.dag/Unity.Burst.ref.dll"
-r:"Library/Bee/artifacts/1900b0aEDbg.dag/Unity.Collections.ref.dll"
-r:"Library/Bee/artifacts/1900b0aEDbg.dag/Unity.InputSystem.ref.dll"
-r:"Library/Bee/artifacts/1900b0aEDbg.dag/Unity.Mathematics.ref.dll"
-r:"Library/Bee/artifacts/1900b0aEDbg.dag/Unity.RenderPipelines.Core.Runtime.ref.dll"
-r:"Library/Bee/artifacts/1900b0aEDbg.dag/Unity.RenderPipelines.Universal.Runtime.ref.dll"
-r:"Library/Bee/artifacts/1900b0aEDbg.dag/UnityEditor.UI.ref.dll"
-r:"Library/Bee/artifacts/1900b0aEDbg.dag/UnityEngine.UI.ref.dll"
-analyzer:"C:/Program Files/Unity/Hub/Editor/6000.3.17f1/Editor/Data/Tools/BuildPipeline/Unity.SourceGenerators/Unity.Properties.SourceGenerator.dll"
-analyzer:"C:/Program Files/Unity/Hub/Editor/6000.3.17f1/Editor/Data/Tools/BuildPipeline/Unity.SourceGenerators/Unity.SourceGenerators.dll"
-analyzer:"C:/Program Files/Unity/Hub/Editor/6000.3.17f1/Editor/Data/Tools/BuildPipeline/Unity.SourceGenerators/Unity.UIToolkit.SourceGenerator.dll"
"Assets/Scripts/NativeInterop/DLRR/DlrrDenoiser.cs"
"Assets/Scripts/NativeInterop/DLRR/DlrrFrameData.cs"
"Assets/Scripts/NativeInterop/DLSR/DlsrFrameData.cs"
"Assets/Scripts/NativeInterop/DLSR/DlsrUpscaler.cs"
"Assets/Scripts/NativeInterop/NIS/NisFrameData.cs"
"Assets/Scripts/NativeInterop/NIS/NisUpscaler.cs"
"Assets/Scripts/NativeInterop/NRD/NrdDenoiser.cs"
"Assets/Scripts/NativeInterop/NRD/NrdDenoiserHelper.cs"
"Assets/Scripts/NativeInterop/NRD/NrdDescs.cs"
"Assets/Scripts/NativeInterop/NRD/NrdFrameData.cs"
"Assets/Scripts/NativeInterop/NRD/NrdSettings.cs"
"Assets/Scripts/NativeInterop/NRD/ReblurDenoiser.cs"
"Assets/Scripts/NativeInterop/NRD/ReferenceDenoiser.cs"
"Assets/Scripts/NativeInterop/NRD/RelaxDenoiser.cs"
"Assets/Scripts/NativeInterop/NRD/SigmaDenoiser.cs"
"Assets/Scripts/NativeInterop/NRI/DXGI_FORMAT.cs"
"Assets/Scripts/NativeInterop/NRI/NriDescs.cs"
"Assets/Scripts/NativeInterop/NRI/NriFormat.cs"
"Assets/Scripts/NativeInterop/NRI/NriResourceState.cs"
"Assets/Scripts/NativeInterop/NRI/NriTextureArrayResource.cs"
"Assets/Scripts/NativeInterop/NRI/NriTextureResource.cs"
"Assets/Scripts/NativeInterop/NRI/NriUtil.cs"
"Assets/Scripts/NativeInterop/Streamline/SLDlssg.cs"
"Assets/Scripts/NativeInterop/Streamline/SLDlssr.cs"
"Assets/Scripts/NativeInterop/Streamline/SLDlssrFrameData.cs"
"Assets/Scripts/NativeInterop/Streamline/SLDlssrr.cs"
"Assets/Scripts/NativeInterop/Streamline/SLDlssrrFrameData.cs"
"Assets/Scripts/NativeInterop/Streamline/SLNative.cs"
"Assets/Scripts/NativeInterop/Streamline/SLPclLatencyPing.cs"
"Assets/Scripts/NativeInterop/Streamline/SLReflexFlash.cs"
"Assets/Scripts/NativeInterop/Streamline/SLReflexOverlay.cs"
"Assets/Scripts/NativeInterop/Streamline/SLReflexRuntime.cs"
"Assets/Scripts/NativeInterop/Streamline/SLStreamlineFrameLoop.cs"
"Assets/Scripts/Profiling/GPUProfiler.cs"
"Assets/Scripts/Profiling/RenderPassMarkers.cs"
"Assets/Scripts/Profiling/TestGPURecorders.cs"
"Assets/Scripts/Rendering/Common/CameraFrameState.cs"
"Assets/Scripts/Rendering/Common/PathTracingDataBuilder.cs"
"Assets/Scripts/Rendering/Common/PathTracingUtils.cs"
"Assets/Scripts/Rendering/Common/PrimitiveBuildJob.cs"
"Assets/Scripts/Rendering/Data/AreaLightData.cs"
"Assets/Scripts/Rendering/Data/DonutSharedStructs.cs"
"Assets/Scripts/Rendering/Data/GlobalConstants.cs"
"Assets/Scripts/Rendering/Data/PointLightData.cs"
"Assets/Scripts/Rendering/Data/PrepareLightSharedStructs.cs"
"Assets/Scripts/Rendering/Data/ShaderIDs.cs"
"Assets/Scripts/Rendering/Data/SpotLightData.cs"
"Assets/Scripts/Rendering/Passes/Core/AccumulatePass.cs"
"Assets/Scripts/Rendering/Passes/Core/AutoExposurePass.cs"
"Assets/Scripts/Rendering/Passes/Core/DepthBarrierFixPass.cs"
"Assets/Scripts/Rendering/Passes/Core/NativeToneMappingPass.cs"
"Assets/Scripts/Rendering/Passes/Core/OutputBlitPass.cs"
"Assets/Scripts/Rendering/Passes/Core/ReferencePtPass.cs"
"Assets/Scripts/Rendering/Passes/Denoising/NrdPass.cs"
"Assets/Scripts/Rendering/Passes/Upscaling/DlssBeforePass.cs"
"Assets/Scripts/Rendering/Passes/Upscaling/DlssPass.cs"
"Assets/Scripts/Rendering/Passes/Upscaling/DlssRRPass.cs"
"Assets/Scripts/Rendering/Passes/Upscaling/DlssSRPass.cs"
"Assets/Scripts/Rendering/Passes/Upscaling/NisPass.cs"
"Assets/Scripts/Rendering/Passes/Upscaling/SLDlssgInputsPass.cs"
"Assets/Scripts/Rendering/Passes/Upscaling/SLDlssrPass.cs"
"Assets/Scripts/Rendering/Passes/Upscaling/SLDlssrrPass.cs"
"Assets/Scripts/Rendering/Passes/Upscaling/SLPclRenderSubmitEndPass.cs"
"Assets/Scripts/Rendering/Passes/Upscaling/SLPclRenderSubmitFeature.cs"
"Assets/Scripts/Rendering/Passes/Upscaling/SLPclRenderSubmitStartPass.cs"
"Assets/Scripts/Rendering/Resources/LightCollector.cs"
"Assets/Scripts/Rendering/Settings/LightAngularSize.cs"
"Assets/Scripts/Rendering/Settings/RenderingEnums.cs"
"Assets/Scripts/Rendering/Settings/ShowPass.cs"
"Assets/Scripts/Runtime/Attributes/FoldoutHeaderAttribute.cs"
"Assets/Scripts/Runtime/Attributes/ToggleAttribute.cs"
"Assets/Scripts/Runtime/Camera/CameraHelper.cs"
"Assets/Scripts/Runtime/Camera/FalcorCamera.cs"
"Assets/Scripts/Runtime/Camera/MyFreeCamera.cs"
"Assets/Scripts/Runtime/Camera/SetCameraMode.cs"
"Assets/Scripts/Runtime/Camera/SetCameraNear.cs"
"Assets/Scripts/Runtime/Lighting/DynamicSunIntensity.cs"
"Assets/Scripts/Runtime/Lighting/PathTracingAdditionalLightData.cs"
"Assets/Scripts/Runtime/Lighting/PointLightRadius.cs"
"Assets/Scripts/Runtime/Lighting/RandomLightMotion.cs"
"Assets/Scripts/Runtime/Lighting/RandomLightSpawner.cs"
"Assets/Scripts/Runtime/Lighting/RealisticSunController.cs"
"Assets/Scripts/Runtime/Scene/AutoMove.cs"
"Assets/Scripts/Runtime/Scene/ForceUpdateTransform.cs"
"Assets/Scripts/Runtime/Scene/GlassSurfaceBuilder.cs"
"Assets/Scripts/Runtime/Scene/KeyToggleActive.cs"
"Assets/Scripts/Runtime/Scene/LateBuild.cs"
"Assets/Scripts/Runtime/Scene/Tool.cs"
"Assets/Scripts/Runtime/UI/SettingGUI.cs"
"Assets/Scripts/Runtime/UI/SettingsReflectionGUI.cs"
"Assets/Scripts/Runtime/UI/ShowFPS.cs"
"Assets/Scripts/Sandbox/ComputeTest.cs"
-langversion:9.0
/unsafe+
/deterministic
/optimize-
/debug:portable
/nologo
/RuntimeMetadataVersion:v4.0.30319
/nowarn:0169
/nowarn:0649
/nowarn:0282
/nowarn:1701
/nowarn:1702
/utf8output
/preferreduilang:en-US
/additionalfile:"Library/Bee/artifacts/1900b0aEDbg.dag/PathTracing.Core.UnityAdditionalFile.txt"
##### Custom Environment Variables
DOTNET_MULTILEVEL_LOOKUP=0
##### ExitCode
1
##### Output
Assets\Scripts\Rendering\Passes\Core\NativeToneMappingPass.cs(307,73): error CS0246: The type or namespace name 'ContextContainer' could not be found (are you missing a using directive or an assembly reference?)

Assets\Scripts\Rendering\Passes\Upscaling\DlssBeforePass.cs(91,73): error CS0246: The type or namespace name 'ContextContainer' could not be found (are you missing a using directive or an assembly reference?)

Assets\Scripts\Rendering\Passes\Upscaling\DlssBeforePass.cs(37,20): error CS0246: The type or namespace name 'RTHandle' could not be found (are you missing a using directive or an assembly reference?)

Assets\Scripts\Rendering\Passes\Upscaling\DlssBeforePass.cs(38,20): error CS0246: The type or namespace name 'RTHandle' could not be found (are you missing a using directive or an assembly reference?)

Assets\Scripts\Rendering\Passes\Upscaling\DlssBeforePass.cs(39,20): error CS0246: The type or namespace name 'RTHandle' could not be found (are you missing a using directive or an assembly reference?)

Assets\Scripts\Rendering\Passes\Upscaling\DlssBeforePass.cs(41,20): error CS0246: The type or namespace name 'RTHandle' could not be found (are you missing a using directive or an assembly reference?)

Assets\Scripts\Rendering\Passes\Upscaling\DlssBeforePass.cs(42,20): error CS0246: The type or namespace name 'RTHandle' could not be found (are you missing a using directive or an assembly reference?)

Assets\Scripts\Rendering\Passes\Upscaling\DlssBeforePass.cs(43,20): error CS0246: The type or namespace name 'RTHandle' could not be found (are you missing a using directive or an assembly reference?)

Assets\Scripts\Rendering\Passes\Upscaling\DlssBeforePass.cs(44,20): error CS0246: The type or namespace name 'RTHandle' could not be found (are you missing a using directive or an assembly reference?)

Assets\Scripts\Rendering\Passes\Upscaling\DlssBeforePass.cs(45,20): error CS0246: The type or namespace name 'RTHandle' could not be found (are you missing a using directive or an assembly reference?)

Assets\Scripts\Rendering\Passes\Core\AccumulatePass.cs(69,73): error CS0246: The type or namespace name 'ContextContainer' could not be found (are you missing a using directive or an assembly reference?)

Assets\Scripts\Rendering\Passes\Upscaling\NisPass.cs(34,73): error CS0246: The type or namespace name 'ContextContainer' could not be found (are you missing a using directive or an assembly reference?)

Assets\Scripts\Rendering\Common\PathTracingDataBuilder.cs(129,27): error CS0246: The type or namespace name 'RayTracingAccelerationStructure' could not be found (are you missing a using directive or an assembly reference?)

Assets\Scripts\Rendering\Passes\Upscaling\DlssPass.cs(54,73): error CS0246: The type or namespace name 'ContextContainer' could not be found (are you missing a using directive or an assembly reference?)

Assets\Scripts\Rendering\Passes\Core\AccumulatePass.cs(31,20): error CS0246: The type or namespace name 'RTHandle' could not be found (are you missing a using directive or an assembly reference?)

Assets\Scripts\Rendering\Passes\Core\AccumulatePass.cs(32,20): error CS0246: The type or namespace name 'RTHandle' could not be found (are you missing a using directive or an assembly reference?)

Assets\Scripts\Rendering\Passes\Upscaling\SLDlssgInputsPass.cs(42,73): error CS0246: The type or namespace name 'ContextContainer' could not be found (are you missing a using directive or an assembly reference?)

Assets\Scripts\Rendering\Passes\Upscaling\DlssRRPass.cs(71,73): error CS0246: The type or namespace name 'ContextContainer' could not be found (are you missing a using directive or an assembly reference?)

Assets\Scripts\Rendering\Passes\Upscaling\SLDlssrPass.cs(48,73): error CS0246: The type or namespace name 'ContextContainer' could not be found (are you missing a using directive or an assembly reference?)

Assets\Scripts\Rendering\Passes\Core\AutoExposurePass.cs(115,73): error CS0246: The type or namespace name 'ContextContainer' could not be found (are you missing a using directive or an assembly reference?)

Assets\Scripts\Rendering\Passes\Core\AutoExposurePass.cs(36,20): error CS0246: The type or namespace name 'RTHandle' could not be found (are you missing a using directive or an assembly reference?)

Assets\Scripts\Rendering\Passes\Upscaling\SLDlssrrPass.cs(59,73): error CS0246: The type or namespace name 'ContextContainer' could not be found (are you missing a using directive or an assembly reference?)

Assets\Scripts\NativeInterop\NRI\NriTextureResource.cs(24,16): error CS0246: The type or namespace name 'RTHandle' could not be found (are you missing a using directive or an assembly reference?)

Assets\Scripts\Rendering\Passes\Upscaling\DlssSRPass.cs(44,73): error CS0246: The type or namespace name 'ContextContainer' could not be found (are you missing a using directive or an assembly reference?)

Assets\Scripts\Rendering\Passes\Upscaling\SLPclRenderSubmitEndPass.cs(34,73): error CS0246: The type or namespace name 'ContextContainer' could not be found (are you missing a using directive or an assembly reference?)

Assets\Scripts\Rendering\Passes\Core\OutputBlitPass.cs(279,73): error CS0246: The type or namespace name 'ContextContainer' could not be found (are you missing a using directive or an assembly reference?)

Assets\Scripts\Rendering\Passes\Core\DepthBarrierFixPass.cs(26,73): error CS0246: The type or namespace name 'ContextContainer' could not be found (are you missing a using directive or an assembly reference?)

Assets\Scripts\Rendering\Passes\Core\OutputBlitPass.cs(28,20): error CS0246: The type or namespace name 'RTHandle' could not be found (are you missing a using directive or an assembly reference?)

Assets\Scripts\Runtime\Camera\MyFreeCamera.cs(11,33): error CS0246: The type or namespace name 'MonoBehaviour' could not be found (are you missing a using directive or an assembly reference?)

Assets\Scripts\Rendering\Passes\Core\OutputBlitPass.cs(29,20): error CS0246: The type or namespace name 'RTHandle' could not be found (are you missing a using directive or an assembly reference?)

Assets\Scripts\Rendering\Passes\Denoising\NrdPass.cs(16,43): error CS0246: The type or namespace name 'NamedMarker' could not be found (are you missing a using directive or an assembly reference?)

Assets\Scripts\Rendering\Passes\Core\OutputBlitPass.cs(30,20): error CS0246: The type or namespace name 'RTHandle' could not be found (are you missing a using directive or an assembly reference?)

Assets\Scripts\Rendering\Passes\Denoising\NrdPass.cs(40,73): error CS0246: The type or namespace name 'ContextContainer' could not be found (are you missing a using directive or an assembly reference?)

Assets\Scripts\Rendering\Passes\Core\OutputBlitPass.cs(32,20): error CS0246: The type or namespace name 'RTHandle' could not be found (are you missing a using directive or an assembly reference?)

Assets\Scripts\Rendering\Passes\Upscaling\SLPclRenderSubmitStartPass.cs(51,73): error CS0246: The type or namespace name 'ContextContainer' could not be found (are you missing a using directive or an assembly reference?)

Assets\Scripts\Rendering\Passes\Denoising\NrdPass.cs(14,17): error CS0246: The type or namespace name 'NamedMarker' could not be found (are you missing a using directive or an assembly reference?)

Assets\Scripts\Rendering\Passes\Core\OutputBlitPass.cs(33,20): error CS0246: The type or namespace name 'RTHandle' could not be found (are you missing a using directive or an assembly reference?)

Assets\Scripts\Rendering\Passes\Core\OutputBlitPass.cs(34,20): error CS0246: The type or namespace name 'RTHandle' could not be found (are you missing a using directive or an assembly reference?)

Assets\Scripts\Rendering\Passes\Core\OutputBlitPass.cs(36,20): error CS0246: The type or namespace name 'RTHandle' could not be found (are you missing a using directive or an assembly reference?)

Assets\Scripts\Rendering\Data\GlobalConstants.cs(6,6): error CS0246: The type or namespace name 'GenerateHLSLAttribute' could not be found (are you missing a using directive or an assembly reference?)

Assets\Scripts\Rendering\Data\GlobalConstants.cs(6,6): error CS0246: The type or namespace name 'GenerateHLSL' could not be found (are you missing a using directive or an assembly reference?)

Assets\Scripts\Rendering\Data\GlobalConstants.cs(6,19): error CS0103: The name 'PackingRules' does not exist in the current context

Assets\Scripts\Rendering\Data\GlobalConstants.cs(6,39): error CS0246: The type or namespace name 'needAccessors' could not be found (are you missing a using directive or an assembly reference?)

Assets\Scripts\Rendering\Data\GlobalConstants.cs(6,62): error CS0246: The type or namespace name 'generateCBuffer' could not be found (are you missing a using directive or an assembly reference?)

Assets\Scripts\NativeInterop\Streamline\SLStreamlineFrameLoop.cs(95,58): error CS0246: The type or namespace name 'ScriptableRenderContext' could not be found (are you missing a using directive or an assembly reference?)

Assets\Scripts\Rendering\Passes\Core\OutputBlitPass.cs(37,20): error CS0246: The type or namespace name 'RTHandle' could not be found (are you missing a using directive or an assembly reference?)

Assets\Scripts\Rendering\Passes\Denoising\NrdPass.cs(25,20): error CS0246: The type or namespace name 'NamedMarker' could not be found (are you missing a using directive or an assembly reference?)

Assets\Scripts\Rendering\Passes\Core\OutputBlitPass.cs(38,20): error CS0246: The type or namespace name 'RTHandle' could not be found (are you missing a using directive or an assembly reference?)

Assets\Scripts\Rendering\Passes\Core\OutputBlitPass.cs(39,20): error CS0246: The type or namespace name 'RTHandle' could not be found (are you missing a using directive or an assembly reference?)

Assets\Scripts\Rendering\Passes\Core\OutputBlitPass.cs(41,20): error CS0246: The type or namespace name 'RTHandle' could not be found (are you missing a using directive or an assembly reference?)

Assets\Scripts\Rendering\Passes\Core\OutputBlitPass.cs(42,20): error CS0246: The type or namespace name 'RTHandle' could not be found (are you missing a using directive or an assembly reference?)

Assets\Scripts\Rendering\Passes\Core\OutputBlitPass.cs(44,20): error CS0246: The type or namespace name 'RTHandle' could not be found (are you missing a using directive or an assembly reference?)

Assets\Scripts\Rendering\Passes\Core\OutputBlitPass.cs(45,20): error CS0246: The type or namespace name 'RTHandle' could not be found (are you missing a using directive or an assembly reference?)

Assets\Scripts\Rendering\Passes\Core\OutputBlitPass.cs(46,20): error CS0246: The type or namespace name 'RTHandle' could not be found (are you missing a using directive or an assembly reference?)

Assets\Scripts\Rendering\Passes\Core\OutputBlitPass.cs(47,20): error CS0246: The type or namespace name 'RTHandle' could not be found (are you missing a using directive or an assembly reference?)

Assets\Scripts\Rendering\Passes\Core\OutputBlitPass.cs(48,20): error CS0246: The type or namespace name 'RTHandle' could not be found (are you missing a using directive or an assembly reference?)

Assets\Scripts\Rendering\Passes\Core\OutputBlitPass.cs(50,20): error CS0246: The type or namespace name 'RTHandle' could not be found (are you missing a using directive or an assembly reference?)

Assets\Scripts\Rendering\Passes\Core\OutputBlitPass.cs(51,20): error CS0246: The type or namespace name 'RTHandle' could not be found (are you missing a using directive or an assembly reference?)

Assets\Scripts\Rendering\Passes\Core\OutputBlitPass.cs(52,20): error CS0246: The type or namespace name 'RTHandle' could not be found (are you missing a using directive or an assembly reference?)

Assets\Scripts\Rendering\Passes\Core\OutputBlitPass.cs(54,20): error CS0246: The type or namespace name 'RTHandle' could not be found (are you missing a using directive or an assembly reference?)

Assets\Scripts\Rendering\Passes\Core\OutputBlitPass.cs(55,20): error CS0246: The type or namespace name 'RTHandle' could not be found (are you missing a using directive or an assembly reference?)

Assets\Scripts\Rendering\Passes\Core\OutputBlitPass.cs(56,20): error CS0246: The type or namespace name 'RTHandle' could not be found (are you missing a using directive or an assembly reference?)

Assets\Scripts\Rendering\Passes\Core\OutputBlitPass.cs(57,20): error CS0246: The type or namespace name 'RTHandle' could not be found (are you missing a using directive or an assembly reference?)

Assets\Scripts\Rendering\Passes\Core\OutputBlitPass.cs(60,20): error CS0246: The type or namespace name 'RTHandle' could not be found (are you missing a using directive or an assembly reference?)

Assets\Scripts\Rendering\Passes\Core\OutputBlitPass.cs(61,20): error CS0246: The type or namespace name 'RTHandle' could not be found (are you missing a using directive or an assembly reference?)

Assets\Scripts\Rendering\Passes\Core\OutputBlitPass.cs(62,20): error CS0246: The type or namespace name 'RTHandle' could not be found (are you missing a using directive or an assembly reference?)

Assets\Scripts\Rendering\Passes\Core\OutputBlitPass.cs(63,20): error CS0246: The type or namespace name 'RTHandle' could not be found (are you missing a using directive or an assembly reference?)

Assets\Scripts\Rendering\Passes\Core\OutputBlitPass.cs(64,20): error CS0246: The type or namespace name 'RTHandle' could not be found (are you missing a using directive or an assembly reference?)

Assets\Scripts\Rendering\Passes\Core\OutputBlitPass.cs(65,20): error CS0246: The type or namespace name 'RTHandle' could not be found (are you missing a using directive or an assembly reference?)

Assets\Scripts\Rendering\Passes\Core\OutputBlitPass.cs(66,20): error CS0246: The type or namespace name 'RTHandle' could not be found (are you missing a using directive or an assembly reference?)

Assets\Scripts\Rendering\Passes\Core\OutputBlitPass.cs(67,20): error CS0246: The type or namespace name 'RTHandle' could not be found (are you missing a using directive or an assembly reference?)

Assets\Scripts\Rendering\Passes\Core\ReferencePtPass.cs(116,73): error CS0246: The type or namespace name 'ContextContainer' could not be found (are you missing a using directive or an assembly reference?)

Assets\Scripts\Rendering\Passes\Core\ReferencePtPass.cs(18,26): error CS0246: The type or namespace name 'RayTracingShader' could not be found (are you missing a using directive or an assembly reference?)

Assets\Scripts\Rendering\Passes\Core\ReferencePtPass.cs(23,32): error CS0246: The type or namespace name 'RayTracingShader' could not be found (are you missing a using directive or an assembly reference?)

Assets\Scripts\Rendering\Passes\Core\ReferencePtPass.cs(44,20): error CS0246: The type or namespace name 'RTHandle' could not be found (are you missing a using directive or an assembly reference?)

Assets\Scripts\Rendering\Passes\Core\ReferencePtPass.cs(58,20): error CS0246: The type or namespace name 'RayTracingShader' could not be found (are you missing a using directive or an assembly reference?)
*** Tundra build failed (1.37 seconds), 4 items updated, 1363 evaluated
[Script Updater] Failed to resolve 'width' expression : Assets/Scripts/NativeInterop/NRI/NriTextureArrayResource.cs (29,46). This may cause expected updates to not be applied.
[Script Updater] Failed to resolve 'height' expression : Assets/Scripts/NativeInterop/NRI/NriTextureArrayResource.cs (29,80). This may cause expected updates to not be applied.
[ApiUpdater] Total time: 2876ms, Parse response file: 63ms, Collect updater configs: 478ms, Update: 2335ms, Save: 0ms Files: 0 modified / 23 visited / 92 total (Library/Bee/artifacts/1900b0aEDbg.dag/PathTracing.Core.dll).
## Script Compilation Error for: Csc Library/Bee/artifacts/1900b0aEDbg.dag/PathTracing.Core.dll (+2 others)
## CmdLine: "C:\Program Files\Unity\Hub\Editor\6000.3.17f1\Editor\Data\NetCoreRuntime\dotnet.exe" exec "C:/Program Files/Unity/Hub/Editor/6000.3.17f1/Editor/Data/DotNetSdkRoslyn/csc.dll" /nostdlib /noconfig /shared "@Library/Bee/artifacts/1900b0aEDbg.dag/PathTracing.Core.rsp" "@Library/Bee/artifacts/1900b0aEDbg.dag/PathTracing.Core.rsp2"
## Output:
Assets\Scripts\Rendering\Passes\Core\NativeToneMappingPass.cs(307,73): error CS0246: The type or namespace name 'ContextContainer' could not be found (are you missing a using directive or an assembly reference?)
Assets\Scripts\Rendering\Passes\Upscaling\DlssBeforePass.cs(91,73): error CS0246: The type or namespace name 'ContextContainer' could not be found (are you missing a using directive or an assembly reference?)
Assets\Scripts\Rendering\Passes\Upscaling\DlssBeforePass.cs(37,20): error CS0246: The type or namespace name 'RTHandle' could not be found (are you missing a using directive or an assembly reference?)
Assets\Scripts\Rendering\Passes\Upscaling\DlssBeforePass.cs(38,20): error CS0246: The type or namespace name 'RTHandle' could not be found (are you missing a using directive or an assembly reference?)
Assets\Scripts\Rendering\Passes\Upscaling\DlssBeforePass.cs(39,20): error CS0246: The type or namespace name 'RTHandle' could not be found (are you missing a using directive or an assembly reference?)
Assets\Scripts\Rendering\Passes\Upscaling\DlssBeforePass.cs(41,20): error CS0246: The type or namespace name 'RTHandle' could not be found (are you missing a using directive or an assembly reference?)
Assets\Scripts\Rendering\Passes\Upscaling\DlssBeforePass.cs(42,20): error CS0246: The type or namespace name 'RTHandle' could not be found (are you missing a using directive or an assembly reference?)
Assets\Scripts\Rendering\Passes\Upscaling\DlssBeforePass.cs(43,20): error CS0246: The type or namespace name 'RTHandle' could not be found (are you missing a using directive or an assembly reference?)
Assets\Scripts\Rendering\Passes\Upscaling\DlssBeforePass.cs(44,20): error CS0246: The type or namespace name 'RTHandle' could not be found (are you missing a using directive or an assembly reference?)
Assets\Scripts\Rendering\Passes\Upscaling\DlssBeforePass.cs(45,20): error CS0246: The type or namespace name 'RTHandle' could not be found (are you missing a using directive or an assembly reference?)
Assets\Scripts\Rendering\Passes\Core\AccumulatePass.cs(69,73): error CS0246: The type or namespace name 'ContextContainer' could not be found (are you missing a using directive or an assembly reference?)
Assets\Scripts\Rendering\Passes\Upscaling\NisPass.cs(34,73): error CS0246: The type or namespace name 'ContextContainer' could not be found (are you missing a using directive or an assembly reference?)
Assets\Scripts\Rendering\Common\PathTracingDataBuilder.cs(129,27): error CS0246: The type or namespace name 'RayTracingAccelerationStructure' could not be found (are you missing a using directive or an assembly reference?)
Assets\Scripts\Rendering\Passes\Upscaling\DlssPass.cs(54,73): error CS0246: The type or namespace name 'ContextContainer' could not be found (are you missing a using directive or an assembly reference?)
Assets\Scripts\Rendering\Passes\Core\AccumulatePass.cs(31,20): error CS0246: The type or namespace name 'RTHandle' could not be found (are you missing a using directive or an assembly reference?)
Assets\Scripts\Rendering\Passes\Core\AccumulatePass.cs(32,20): error CS0246: The type or namespace name 'RTHandle' could not be found (are you missing a using directive or an assembly reference?)
Assets\Scripts\Rendering\Passes\Upscaling\SLDlssgInputsPass.cs(42,73): error CS0246: The type or namespace name 'ContextContainer' could not be found (are you missing a using directive or an assembly reference?)
Assets\Scripts\Rendering\Passes\Upscaling\DlssRRPass.cs(71,73): error CS0246: The type or namespace name 'ContextContainer' could not be found (are you missing a using directive or an assembly reference?)
Assets\Scripts\Rendering\Passes\Upscaling\SLDlssrPass.cs(48,73): error CS0246: The type or namespace name 'ContextContainer' could not be found (are you missing a using directive or an assembly reference?)
Assets\Scripts\Rendering\Passes\Core\AutoExposurePass.cs(115,73): error CS0246: The type or namespace name 'ContextContainer' could not be found (are you missing a using directive or an assembly reference?)
Assets\Scripts\Rendering\Passes\Core\AutoExposurePass.cs(36,20): error CS0246: The type or namespace name 'RTHandle' could not be found (are you missing a using directive or an assembly reference?)
Assets\Scripts\Rendering\Passes\Upscaling\SLDlssrrPass.cs(59,73): error CS0246: The type or namespace name 'ContextContainer' could not be found (are you missing a using directive or an assembly reference?)
Assets\Scripts\NativeInterop\NRI\NriTextureResource.cs(24,16): error CS0246: The type or namespace name 'RTHandle' could not be found (are you missing a using directive or an assembly reference?)
Assets\Scripts\Rendering\Passes\Upscaling\DlssSRPass.cs(44,73): error CS0246: The type or namespace name 'ContextContainer' could not be found (are you missing a using directive or an assembly reference?)
Assets\Scripts\Rendering\Passes\Upscaling\SLPclRenderSubmitEndPass.cs(34,73): error CS0246: The type or namespace name 'ContextContainer' could not be found (are you missing a using directive or an assembly reference?)
Assets\Scripts\Rendering\Passes\Core\OutputBlitPass.cs(279,73): error CS0246: The type or namespace name 'ContextContainer' could not be found (are you missing a using directive or an assembly reference?)
Assets\Scripts\Rendering\Passes\Core\DepthBarrierFixPass.cs(26,73): error CS0246: The type or namespace name 'ContextContainer' could not be found (are you missing a using directive or an assembly reference?)
Assets\Scripts\Rendering\Passes\Core\OutputBlitPass.cs(28,20): error CS0246: The type or namespace name 'RTHandle' could not be found (are you missing a using directive or an assembly reference?)
Assets\Scripts\Runtime\Camera\MyFreeCamera.cs(11,33): error CS0246: The type or namespace name 'MonoBehaviour' could not be found (are you missing a using directive or an assembly reference?)
Assets\Scripts\Rendering\Passes\Core\OutputBlitPass.cs(29,20): error CS0246: The type or namespace name 'RTHandle' could not be found (are you missing a using directive or an assembly reference?)
Assets\Scripts\Rendering\Passes\Denoising\NrdPass.cs(16,43): error CS0246: The type or namespace name 'NamedMarker' could not be found (are you missing a using directive or an assembly reference?)
Assets\Scripts\Rendering\Passes\Core\OutputBlitPass.cs(30,20): error CS0246: The type or namespace name 'RTHandle' could not be found (are you missing a using directive or an assembly reference?)
Assets\Scripts\Rendering\Passes\Denoising\NrdPass.cs(40,73): error CS0246: The type or namespace name 'ContextContainer' could not be found (are you missing a using directive or an assembly reference?)
Assets\Scripts\Rendering\Passes\Core\OutputBlitPass.cs(32,20): error CS0246: The type or namespace name 'RTHandle' could not be found (are you missing a using directive or an assembly reference?)
Assets\Scripts\Rendering\Passes\Upscaling\SLPclRenderSubmitStartPass.cs(51,73): error CS0246: The type or namespace name 'ContextContainer' could not be found (are you missing a using directive or an assembly reference?)
Assets\Scripts\Rendering\Passes\Denoising\NrdPass.cs(14,17): error CS0246: The type or namespace name 'NamedMarker' could not be found (are you missing a using directive or an assembly reference?)
Assets\Scripts\Rendering\Passes\Core\OutputBlitPass.cs(33,20): error CS0246: The type or namespace name 'RTHandle' could not be found (are you missing a using directive or an assembly reference?)
Assets\Scripts\Rendering\Passes\Core\OutputBlitPass.cs(34,20): error CS0246: The type or namespace name 'RTHandle' could not be found (are you missing a using directive or an assembly reference?)
Assets\Scripts\Rendering\Passes\Core\OutputBlitPass.cs(36,20): error CS0246: The type or namespace name 'RTHandle' could not be found (are you missing a using directive or an assembly reference?)
Assets\Scripts\Rendering\Data\GlobalConstants.cs(6,6): error CS0246: The type or namespace name 'GenerateHLSLAttribute' could not be found (are you missing a using directive or an assembly reference?)
Assets\Scripts\Rendering\Data\GlobalConstants.cs(6,6): error CS0246: The type or namespace name 'GenerateHLSL' could not be found (are you missing a using directive or an assembly reference?)
Assets\Scripts\Rendering\Data\GlobalConstants.cs(6,19): error CS0103: The name 'PackingRules' does not exist in the current context
Assets\Scripts\Rendering\Data\GlobalConstants.cs(6,39): error CS0246: The type or namespace name 'needAccessors' could not be found (are you missing a using directive or an assembly reference?)
Assets\Scripts\Rendering\Data\GlobalConstants.cs(6,62): error CS0246: The type or namespace name 'generateCBuffer' could not be found (are you missing a using directive or an assembly reference?)
Assets\Scripts\NativeInterop\Streamline\SLStreamlineFrameLoop.cs(95,58): error CS0246: The type or namespace name 'ScriptableRenderContext' could not be found (are you missing a using directive or an assembly reference?)
Assets\Scripts\Rendering\Passes\Core\OutputBlitPass.cs(37,20): error CS0246: The type or namespace name 'RTHandle' could not be found (are you missing a using directive or an assembly reference?)
Assets\Scripts\Rendering\Passes\Denoising\NrdPass.cs(25,20): error CS0246: The type or namespace name 'NamedMarker' could not be found (are you missing a using directive or an assembly reference?)
Assets\Scripts\Rendering\Passes\Core\OutputBlitPass.cs(38,20): error CS0246: The type or namespace name 'RTHandle' could not be found (are you missing a using directive or an assembly reference?)
Assets\Scripts\Rendering\Passes\Core\OutputBlitPass.cs(39,20): error CS0246: The type or namespace name 'RTHandle' could not be found (are you missing a using directive or an assembly reference?)
Assets\Scripts\Rendering\Passes\Core\OutputBlitPass.cs(41,20): error CS0246: The type or namespace name 'RTHandle' could not be found (are you missing a using directive or an assembly reference?)
Assets\Scripts\Rendering\Passes\Core\OutputBlitPass.cs(42,20): error CS0246: The type or namespace name 'RTHandle' could not be found (are you missing a using directive or an assembly reference?)
Assets\Scripts\Rendering\Passes\Core\OutputBlitPass.cs(44,20): error CS0246: The type or namespace name 'RTHandle' could not be found (are you missing a using directive or an assembly reference?)
Assets\Scripts\Rendering\Passes\Core\OutputBlitPass.cs(45,20): error CS0246: The type or namespace name 'RTHandle' could not be found (are you missing a using directive or an assembly reference?)
Assets\Scripts\Rendering\Passes\Core\OutputBlitPass.cs(46,20): error CS0246: The type or namespace name 'RTHandle' could not be found (are you missing a using directive or an assembly reference?)
Assets\Scripts\Rendering\Passes\Core\OutputBlitPass.cs(47,20): error CS0246: The type or namespace name 'RTHandle' could not be found (are you missing a using directive or an assembly reference?)
Assets\Scripts\Rendering\Passes\Core\OutputBlitPass.cs(48,20): error CS0246: The type or namespace name 'RTHandle' could not be found (are you missing a using directive or an assembly reference?)
Assets\Scripts\Rendering\Passes\Core\OutputBlitPass.cs(50,20): error CS0246: The type or namespace name 'RTHandle' could not be found (are you missing a using directive or an assembly reference?)
Assets\Scripts\Rendering\Passes\Core\OutputBlitPass.cs(51,20): error CS0246: The type or namespace name 'RTHandle' could not be found (are you missing a using directive or an assembly reference?)
Assets\Scripts\Rendering\Passes\Core\OutputBlitPass.cs(52,20): error CS0246: The type or namespace name 'RTHandle' could not be found (are you missing a using directive or an assembly reference?)
Assets\Scripts\Rendering\Passes\Core\OutputBlitPass.cs(54,20): error CS0246: The type or namespace name 'RTHandle' could not be found (are you missing a using directive or an assembly reference?)
Assets\Scripts\Rendering\Passes\Core\OutputBlitPass.cs(55,20): error CS0246: The type or namespace name 'RTHandle' could not be found (are you missing a using directive or an assembly reference?)
Assets\Scripts\Rendering\Passes\Core\OutputBlitPass.cs(56,20): error CS0246: The type or namespace name 'RTHandle' could not be found (are you missing a using directive or an assembly reference?)
Assets\Scripts\Rendering\Passes\Core\OutputBlitPass.cs(57,20): error CS0246: The type or namespace name 'RTHandle' could not be found (are you missing a using directive or an assembly reference?)
Assets\Scripts\Rendering\Passes\Core\OutputBlitPass.cs(60,20): error CS0246: The type or namespace name 'RTHandle' could not be found (are you missing a using directive or an assembly reference?)
Assets\Scripts\Rendering\Passes\Core\OutputBlitPass.cs(61,20): error CS0246: The type or namespace name 'RTHandle' could not be found (are you missing a using directive or an assembly reference?)
Assets\Scripts\Rendering\Passes\Core\OutputBlitPass.cs(62,20): error CS0246: The type or namespace name 'RTHandle' could not be found (are you missing a using directive or an assembly reference?)
Assets\Scripts\Rendering\Passes\Core\OutputBlitPass.cs(63,20): error CS0246: The type or namespace name 'RTHandle' could not be found (are you missing a using directive or an assembly reference?)
Assets\Scripts\Rendering\Passes\Core\OutputBlitPass.cs(64,20): error CS0246: The type or namespace name 'RTHandle' could not be found (are you missing a using directive or an assembly reference?)
Assets\Scripts\Rendering\Passes\Core\OutputBlitPass.cs(65,20): error CS0246: The type or namespace name 'RTHandle' could not be found (are you missing a using directive or an assembly reference?)
Assets\Scripts\Rendering\Passes\Core\OutputBlitPass.cs(66,20): error CS0246: The type or namespace name 'RTHandle' could not be found (are you missing a using directive or an assembly reference?)
Assets\Scripts\Rendering\Passes\Core\OutputBlitPass.cs(67,20): error CS0246: The type or namespace name 'RTHandle' could not be found (are you missing a using directive or an assembly reference?)
Assets\Scripts\Rendering\Passes\Core\ReferencePtPass.cs(116,73): error CS0246: The type or namespace name 'ContextContainer' could not be found (are you missing a using directive or an assembly reference?)
Assets\Scripts\Rendering\Passes\Core\ReferencePtPass.cs(18,26): error CS0246: The type or namespace name 'RayTracingShader' could not be found (are you missing a using directive or an assembly reference?)
Assets\Scripts\Rendering\Passes\Core\ReferencePtPass.cs(23,32): error CS0246: The type or namespace name 'RayTracingShader' could not be found (are you missing a using directive or an assembly reference?)
Assets\Scripts\Rendering\Passes\Core\ReferencePtPass.cs(44,20): error CS0246: The type or namespace name 'RTHandle' could not be found (are you missing a using directive or an assembly reference?)
Assets\Scripts\Rendering\Passes\Core\ReferencePtPass.cs(58,20): error CS0246: The type or namespace name 'RayTracingShader' could not be found (are you missing a using directive or an assembly reference?)

Script updater for Library\Bee\artifacts\1900b0aEDbg.dag\PathTracing.Core.dll failed to produce updates.txt file (response file: Library/Bee/artifacts/1900b0aEDbg.dag/PathTracing.Core.rsp, MovedFromCache: F:/UnityPathTracing/UnityProject/Library/Bee/artifacts/1900b0aEDbg.dag/PathTracing.Core.dll.mvfrm
Assets\Scripts\Rendering\Passes\Core\NativeToneMappingPass.cs(307,73): error CS0246: The type or namespace name 'ContextContainer' could not be found (are you missing a using directive or an assembly reference?)
Assets\Scripts\Rendering\Passes\Upscaling\DlssBeforePass.cs(91,73): error CS0246: The type or namespace name 'ContextContainer' could not be found (are you missing a using directive or an assembly reference?)
Assets\Scripts\Rendering\Passes\Upscaling\DlssBeforePass.cs(37,20): error CS0246: The type or namespace name 'RTHandle' could not be found (are you missing a using directive or an assembly reference?)
Assets\Scripts\Rendering\Passes\Upscaling\DlssBeforePass.cs(38,20): error CS0246: The type or namespace name 'RTHandle' could not be found (are you missing a using directive or an assembly reference?)
Assets\Scripts\Rendering\Passes\Upscaling\DlssBeforePass.cs(39,20): error CS0246: The type or namespace name 'RTHandle' could not be found (are you missing a using directive or an assembly reference?)
Assets\Scripts\Rendering\Passes\Upscaling\DlssBeforePass.cs(41,20): error CS0246: The type or namespace name 'RTHandle' could not be found (are you missing a using directive or an assembly reference?)
Assets\Scripts\Rendering\Passes\Upscaling\DlssBeforePass.cs(42,20): error CS0246: The type or namespace name 'RTHandle' could not be found (are you missing a using directive or an assembly reference?)
Assets\Scripts\Rendering\Passes\Upscaling\DlssBeforePass.cs(43,20): error CS0246: The type or namespace name 'RTHandle' could not be found (are you missing a using directive or an assembly reference?)
Assets\Scripts\Rendering\Passes\Upscaling\DlssBeforePass.cs(44,20): error CS0246: The type or namespace name 'RTHandle' could not be found (are you missing a using directive or an assembly reference?)
Assets\Scripts\Rendering\Passes\Upscaling\DlssBeforePass.cs(45,20): error CS0246: The type or namespace name 'RTHandle' could not be found (are you missing a using directive or an assembly reference?)
Assets\Scripts\Rendering\Passes\Core\AccumulatePass.cs(69,73): error CS0246: The type or namespace name 'ContextContainer' could not be found (are you missing a using directive or an assembly reference?)
Assets\Scripts\Rendering\Passes\Upscaling\NisPass.cs(34,73): error CS0246: The type or namespace name 'ContextContainer' could not be found (are you missing a using directive or an assembly reference?)
Assets\Scripts\Rendering\Common\PathTracingDataBuilder.cs(129,27): error CS0246: The type or namespace name 'RayTracingAccelerationStructure' could not be found (are you missing a using directive or an assembly reference?)
Assets\Scripts\Rendering\Passes\Upscaling\DlssPass.cs(54,73): error CS0246: The type or namespace name 'ContextContainer' could not be found (are you missing a using directive or an assembly reference?)
Assets\Scripts\Rendering\Passes\Core\AccumulatePass.cs(31,20): error CS0246: The type or namespace name 'RTHandle' could not be found (are you missing a using directive or an assembly reference?)
Assets\Scripts\Rendering\Passes\Core\AccumulatePass.cs(32,20): error CS0246: The type or namespace name 'RTHandle' could not be found (are you missing a using directive or an assembly reference?)
Assets\Scripts\Rendering\Passes\Upscaling\SLDlssgInputsPass.cs(42,73): error CS0246: The type or namespace name 'ContextContainer' could not be found (are you missing a using directive or an assembly reference?)
Assets\Scripts\Rendering\Passes\Upscaling\DlssRRPass.cs(71,73): error CS0246: The type or namespace name 'ContextContainer' could not be found (are you missing a using directive or an assembly reference?)
Assets\Scripts\Rendering\Passes\Upscaling\SLDlssrPass.cs(48,73): error CS0246: The type or namespace name 'ContextContainer' could not be found (are you missing a using directive or an assembly reference?)
Assets\Scripts\Rendering\Passes\Core\AutoExposurePass.cs(115,73): error CS0246: The type or namespace name 'ContextContainer' could not be found (are you missing a using directive or an assembly reference?)
Assets\Scripts\Rendering\Passes\Core\AutoExposurePass.cs(36,20): error CS0246: The type or namespace name 'RTHandle' could not be found (are you missing a using directive or an assembly reference?)
Assets\Scripts\Rendering\Passes\Upscaling\SLDlssrrPass.cs(59,73): error CS0246: The type or namespace name 'ContextContainer' could not be found (are you missing a using directive or an assembly reference?)
Assets\Scripts\NativeInterop\NRI\NriTextureResource.cs(24,16): error CS0246: The type or namespace name 'RTHandle' could not be found (are you missing a using directive or an assembly reference?)
Assets\Scripts\Rendering\Passes\Upscaling\DlssSRPass.cs(44,73): error CS0246: The type or namespace name 'ContextContainer' could not be found (are you missing a using directive or an assembly reference?)
Assets\Scripts\Rendering\Passes\Upscaling\SLPclRenderSubmitEndPass.cs(34,73): error CS0246: The type or namespace name 'ContextContainer' could not be found (are you missing a using directive or an assembly reference?)
Assets\Scripts\Rendering\Passes\Core\OutputBlitPass.cs(279,73): error CS0246: The type or namespace name 'ContextContainer' could not be found (are you missing a using directive or an assembly reference?)
Assets\Scripts\Rendering\Passes\Core\DepthBarrierFixPass.cs(26,73): error CS0246: The type or namespace name 'ContextContainer' could not be found (are you missing a using directive or an assembly reference?)
Assets\Scripts\Rendering\Passes\Core\OutputBlitPass.cs(28,20): error CS0246: The type or namespace name 'RTHandle' could not be found (are you missing a using directive or an assembly reference?)
Assets\Scripts\Runtime\Camera\MyFreeCamera.cs(11,33): error CS0246: The type or namespace name 'MonoBehaviour' could not be found (are you missing a using directive or an assembly reference?)
Assets\Scripts\Rendering\Passes\Core\OutputBlitPass.cs(29,20): error CS0246: The type or namespace name 'RTHandle' could not be found (are you missing a using directive or an assembly reference?)
Assets\Scripts\Rendering\Passes\Denoising\NrdPass.cs(16,43): error CS0246: The type or namespace name 'NamedMarker' could not be found (are you missing a using directive or an assembly reference?)
Assets\Scripts\Rendering\Passes\Core\OutputBlitPass.cs(30,20): error CS0246: The type or namespace name 'RTHandle' could not be found (are you missing a using directive or an assembly reference?)
Assets\Scripts\Rendering\Passes\Denoising\NrdPass.cs(40,73): error CS0246: The type or namespace name 'ContextContainer' could not be found (are you missing a using directive or an assembly reference?)
Assets\Scripts\Rendering\Passes\Core\OutputBlitPass.cs(32,20): error CS0246: The type or namespace name 'RTHandle' could not be found (are you missing a using directive or an assembly reference?)
Assets\Scripts\Rendering\Passes\Upscaling\SLPclRenderSubmitStartPass.cs(51,73): error CS0246: The type or namespace name 'ContextContainer' could not be found (are you missing a using directive or an assembly reference?)
Assets\Scripts\Rendering\Passes\Denoising\NrdPass.cs(14,17): error CS0246: The type or namespace name 'NamedMarker' could not be found (are you missing a using directive or an assembly reference?)
Assets\Scripts\Rendering\Passes\Core\OutputBlitPass.cs(33,20): error CS0246: The type or namespace name 'RTHandle' could not be found (are you missing a using directive or an assembly reference?)
Assets\Scripts\Rendering\Passes\Core\OutputBlitPass.cs(34,20): error CS0246: The type or namespace name 'RTHandle' could not be found (are you missing a using directive or an assembly reference?)
Assets\Scripts\Rendering\Passes\Core\OutputBlitPass.cs(36,20): error CS0246: The type or namespace name 'RTHandle' could not be found (are you missing a using directive or an assembly reference?)
Assets\Scripts\Rendering\Data\GlobalConstants.cs(6,6): error CS0246: The type or namespace name 'GenerateHLSLAttribute' could not be found (are you missing a using directive or an assembly reference?)
Assets\Scripts\Rendering\Data\GlobalConstants.cs(6,6): error CS0246: The type or namespace name 'GenerateHLSL' could not be found (are you missing a using directive or an assembly reference?)
Assets\Scripts\Rendering\Data\GlobalConstants.cs(6,19): error CS0103: The name 'PackingRules' does not exist in the current context
Assets\Scripts\Rendering\Data\GlobalConstants.cs(6,39): error CS0246: The type or namespace name 'needAccessors' could not be found (are you missing a using directive or an assembly reference?)
Assets\Scripts\Rendering\Data\GlobalConstants.cs(6,62): error CS0246: The type or namespace name 'generateCBuffer' could not be found (are you missing a using directive or an assembly reference?)
Assets\Scripts\NativeInterop\Streamline\SLStreamlineFrameLoop.cs(95,58): error CS0246: The type or namespace name 'ScriptableRenderContext' could not be found (are you missing a using directive or an assembly reference?)
Assets\Scripts\Rendering\Passes\Core\OutputBlitPass.cs(37,20): error CS0246: The type or namespace name 'RTHandle' could not be found (are you missing a using directive or an assembly reference?)
Assets\Scripts\Rendering\Passes\Denoising\NrdPass.cs(25,20): error CS0246: The type or namespace name 'NamedMarker' could not be found (are you missing a using directive or an assembly reference?)
Assets\Scripts\Rendering\Passes\Core\OutputBlitPass.cs(38,20): error CS0246: The type or namespace name 'RTHandle' could not be found (are you missing a using directive or an assembly reference?)
Assets\Scripts\Rendering\Passes\Core\OutputBlitPass.cs(39,20): error CS0246: The type or namespace name 'RTHandle' could not be found (are you missing a using directive or an assembly reference?)
Assets\Scripts\Rendering\Passes\Core\OutputBlitPass.cs(41,20): error CS0246: The type or namespace name 'RTHandle' could not be found (are you missing a using directive or an assembly reference?)
Assets\Scripts\Rendering\Passes\Core\OutputBlitPass.cs(42,20): error CS0246: The type or namespace name 'RTHandle' could not be found (are you missing a using directive or an assembly reference?)
Assets\Scripts\Rendering\Passes\Core\OutputBlitPass.cs(44,20): error CS0246: The type or namespace name 'RTHandle' could not be found (are you missing a using directive or an assembly reference?)
Assets\Scripts\Rendering\Passes\Core\OutputBlitPass.cs(45,20): error CS0246: The type or namespace name 'RTHandle' could not be found (are you missing a using directive or an assembly reference?)
Assets\Scripts\Rendering\Passes\Core\OutputBlitPass.cs(46,20): error CS0246: The type or namespace name 'RTHandle' could not be found (are you missing a using directive or an assembly reference?)
Assets\Scripts\Rendering\Passes\Core\OutputBlitPass.cs(47,20): error CS0246: The type or namespace name 'RTHandle' could not be found (are you missing a using directive or an assembly reference?)
Assets\Scripts\Rendering\Passes\Core\OutputBlitPass.cs(48,20): error CS0246: The type or namespace name 'RTHandle' could not be found (are you missing a using directive or an assembly reference?)
Assets\Scripts\Rendering\Passes\Core\OutputBlitPass.cs(50,20): error CS0246: The type or namespace name 'RTHandle' could not be found (are you missing a using directive or an assembly reference?)
Assets\Scripts\Rendering\Passes\Core\OutputBlitPass.cs(51,20): error CS0246: The type or namespace name 'RTHandle' could not be found (are you missing a using directive or an assembly reference?)
Assets\Scripts\Rendering\Passes\Core\OutputBlitPass.cs(52,20): error CS0246: The type or namespace name 'RTHandle' could not be found (are you missing a using directive or an assembly reference?)
Assets\Scripts\Rendering\Passes\Core\OutputBlitPass.cs(54,20): error CS0246: The type or namespace name 'RTHandle' could not be found (are you missing a using directive or an assembly reference?)
Assets\Scripts\Rendering\Passes\Core\OutputBlitPass.cs(55,20): error CS0246: The type or namespace name 'RTHandle' could not be found (are you missing a using directive or an assembly reference?)
Assets\Scripts\Rendering\Passes\Core\OutputBlitPass.cs(56,20): error CS0246: The type or namespace name 'RTHandle' could not be found (are you missing a using directive or an assembly reference?)
Assets\Scripts\Rendering\Passes\Core\OutputBlitPass.cs(57,20): error CS0246: The type or namespace name 'RTHandle' could not be found (are you missing a using directive or an assembly reference?)
Assets\Scripts\Rendering\Passes\Core\OutputBlitPass.cs(60,20): error CS0246: The type or namespace name 'RTHandle' could not be found (are you missing a using directive or an assembly reference?)
Assets\Scripts\Rendering\Passes\Core\OutputBlitPass.cs(61,20): error CS0246: The type or namespace name 'RTHandle' could not be found (are you missing a using directive or an assembly reference?)
Assets\Scripts\Rendering\Passes\Core\OutputBlitPass.cs(62,20): error CS0246: The type or namespace name 'RTHandle' could not be found (are you missing a using directive or an assembly reference?)
Assets\Scripts\Rendering\Passes\Core\OutputBlitPass.cs(63,20): error CS0246: The type or namespace name 'RTHandle' could not be found (are you missing a using directive or an assembly reference?)
Assets\Scripts\Rendering\Passes\Core\OutputBlitPass.cs(64,20): error CS0246: The type or namespace name 'RTHandle' could not be found (are you missing a using directive or an assembly reference?)
Assets\Scripts\Rendering\Passes\Core\OutputBlitPass.cs(65,20): error CS0246: The type or namespace name 'RTHandle' could not be found (are you missing a using directive or an assembly reference?)
Assets\Scripts\Rendering\Passes\Core\OutputBlitPass.cs(66,20): error CS0246: The type or namespace name 'RTHandle' could not be found (are you missing a using directive or an assembly reference?)
Assets\Scripts\Rendering\Passes\Core\OutputBlitPass.cs(67,20): error CS0246: The type or namespace name 'RTHandle' could not be found (are you missing a using directive or an assembly reference?)
Assets\Scripts\Rendering\Passes\Core\ReferencePtPass.cs(116,73): error CS0246: The type or namespace name 'ContextContainer' could not be found (are you missing a using directive or an assembly reference?)
Assets\Scripts\Rendering\Passes\Core\ReferencePtPass.cs(18,26): error CS0246: The type or namespace name 'RayTracingShader' could not be found (are you missing a using directive or an assembly reference?)
Assets\Scripts\Rendering\Passes\Core\ReferencePtPass.cs(23,32): error CS0246: The type or namespace name 'RayTracingShader' could not be found (are you missing a using directive or an assembly reference?)
Assets\Scripts\Rendering\Passes\Core\ReferencePtPass.cs(44,20): error CS0246: The type or namespace name 'RTHandle' could not be found (are you missing a using directive or an assembly reference?)
Assets\Scripts\Rendering\Passes\Core\ReferencePtPass.cs(58,20): error CS0246: The type or namespace name 'RayTracingShader' could not be found (are you missing a using directive or an assembly reference?)
AssetDatabase: script compilation time: 7.506739s
Scripts have compiler errors.
Exiting without the bug reporter. Application will terminate with return code 1